use Okayji;
SET FOREIGN_KEY_CHECKS=0;

insert into Okayji.chat_member (id, joined_at, last_read_seq, chat_id, member_id)
values  (14, '2026-02-23 13:47:30.843009', 11, 'bc036f6a-a360-41de-af74-4584385c1499', 'f5755403-ca17-467f-8471-67043d866c5e'),
        (15, '2026-02-23 13:47:30.846296', 11, 'bc036f6a-a360-41de-af74-4584385c1499', '1cd92e81-d8bc-492f-8cd7-cdda974cd346'),
        (16, '2026-03-02 14:20:26.770422', 29, '31189f84-719d-4196-80db-c68ec2ff31fa', '9f4f74c0-6f6c-4120-8f29-31a2f59d6de5'),
        (17, '2026-03-02 14:20:26.813120', 33, '31189f84-719d-4196-80db-c68ec2ff31fa', 'f5755403-ca17-467f-8471-67043d866c5e'),
        (18, '2026-03-02 14:23:59.239436', 1, '98e02237-f0ce-4932-b7dc-89bd2455deec', 'f5755403-ca17-467f-8471-67043d866c5e'),
        (19, '2026-03-02 14:23:59.243775', 1, '98e02237-f0ce-4932-b7dc-89bd2455deec', '9447a235-f6b6-4de2-b6e7-326e87cf6248'),
        (20, '2026-03-08 13:13:52.432922', 0, '6c08d3ee-db29-47ea-b376-0fa806e449ba', 'f5755403-ca17-467f-8471-67043d866c5e'),
        (21, '2026-03-08 13:13:52.436432', 0, '6c08d3ee-db29-47ea-b376-0fa806e449ba', '1cd92e81-d8bc-492f-8cd7-cdda974cd346'),
        (22, '2026-03-08 13:13:52.439705', 0, '6c08d3ee-db29-47ea-b376-0fa806e449ba', '9447a235-f6b6-4de2-b6e7-326e87cf6248'),
        (23, '2026-03-08 13:13:52.442864', 0, '6c08d3ee-db29-47ea-b376-0fa806e449ba', '9f4f74c0-6f6c-4120-8f29-31a2f59d6de5'),
        (24, '2026-04-01 12:40:58.081259', 2, '56fb0e68-69fc-4344-ba66-328ee193ef6c', 'f5755403-ca17-467f-8471-67043d866c5e'),
        (25, '2026-04-01 12:40:58.085868', 2, '56fb0e68-69fc-4344-ba66-328ee193ef6c', '9447a235-f6b6-4de2-b6e7-326e87cf6248'),
        (26, '2026-04-01 12:40:58.090638', 0, '56fb0e68-69fc-4344-ba66-328ee193ef6c', '9f4f74c0-6f6c-4120-8f29-31a2f59d6de5');


insert into Okayji.chat (id, chat_avatar_url, chat_name, created_at, type, created_by, direct_key, last_message_at, last_message_seq)
values  ('31189f84-719d-4196-80db-c68ec2ff31fa', null, null, '2026-03-02 14:20:26.754392', 'DIRECT', '9f4f74c0-6f6c-4120-8f29-31a2f59d6de5', '9f4f74c0-6f6c-4120-8f29-31a2f59d6de5_f5755403-ca17-467f-8471-67043d866c5e', '2026-03-25 00:46:26.873800', 33),
        ('56fb0e68-69fc-4344-ba66-328ee193ef6c', 'https://okayji.s3.ap-southeast-1.amazonaws.com/images/2026-04-01/021576c8-2cd5-458d-a6f6-e1ad5b03bbd2.png', 'Nói xấu nhau', '2026-04-01 12:40:58.045732', 'GROUP', 'f5755403-ca17-467f-8471-67043d866c5e', null, '2026-04-01 13:13:18.105438', 2),
        ('6c08d3ee-db29-47ea-b376-0fa806e449ba', 'https://okayji.s3.ap-southeast-1.amazonaws.com/images/2026-03-08/54342134-1368-44b8-a187-017ea596edce.png', 'Mấy thằng ngo', '2026-03-08 13:13:52.387778', 'GROUP', 'f5755403-ca17-467f-8471-67043d866c5e', null, '2026-03-08 13:13:52.377603', 0),
        ('98e02237-f0ce-4932-b7dc-89bd2455deec', null, null, '2026-03-02 14:23:59.234700', 'DIRECT', 'f5755403-ca17-467f-8471-67043d866c5e', '9447a235-f6b6-4de2-b6e7-326e87cf6248_f5755403-ca17-467f-8471-67043d866c5e', '2026-03-23 09:56:53.076476', 1),
        ('bc036f6a-a360-41de-af74-4584385c1499', null, null, '2026-02-23 13:47:30.841267', 'DIRECT', 'f5755403-ca17-467f-8471-67043d866c5e', '1cd92e81-d8bc-492f-8cd7-cdda974cd346_f5755403-ca17-467f-8471-67043d866c5e', '2026-04-01 13:13:53.098652', 11);

insert into Okayji.comment (id, content, created_at, post_id, user_id)
values  ('0499db09-d1bc-4b87-9e27-435b9255ccd3', 'haha
', '2026-04-02 10:09:14.740731', '99b379b6-9f1c-4413-83c2-10bf4604cb96', 'f5755403-ca17-467f-8471-67043d866c5e'),
        ('3d19d04f-500f-40a9-a9a9-7dac2ea31e4d', 'haha', '2026-04-01 02:28:14.331296', '8229f116-8d37-4dda-b22d-ad8f42d2a658', '1cd92e81-d8bc-492f-8cd7-cdda974cd346'),
        ('6db68ae9-967a-4949-b1ba-47ac60e4a3c3', 'hẹ hẹ
', '2026-04-01 12:42:55.608813', '3837dd23-9b08-4519-9aa5-a70a1bb30d5f', 'f5755403-ca17-467f-8471-67043d866c5e'),
        ('77585aea-a6af-4817-a842-791ea2cbf4f8', 'haha
', '2026-04-01 12:36:10.621043', 'ae534634-2c75-4dac-9291-d3e617e6edbf', 'f5755403-ca17-467f-8471-67043d866c5e'),
        ('87aaffa3-f0ef-49e4-b0a2-11a1cd2bf7ad', 'haha', '2026-03-02 14:58:01.021724', '43a97bce-809e-4a32-b36c-39269b0b11ed', 'f5755403-ca17-467f-8471-67043d866c5e'),
        ('97c8080c-e7a1-4250-af2a-145a3951f49e', 'wao
', '2026-02-23 13:56:29.425517', 'ab033d2f-f978-42a1-aeba-07e8d460ea46', '1cd92e81-d8bc-492f-8cd7-cdda974cd346'),
        ('f2c501f8-0ac0-4ef1-921b-40e5e68c5f6b', 'cc', '2026-02-23 13:13:12.061441', '6ff953e0-382a-4a2e-a405-547b4d152244', '1cd92e81-d8bc-492f-8cd7-cdda974cd346'),
        ('f8ae09ea-f7f7-43b6-ad2f-61459a27db58', 'gh', '2026-02-15 10:04:23.988729', 'ab033d2f-f978-42a1-aeba-07e8d460ea46', 'f5755403-ca17-467f-8471-67043d866c5e');


insert into Okayji.friend_request (id, created_at, receiver_id, sender_id)
values  ('17e1614f-ca81-4378-96f3-04e49f13c02c', '2026-04-01 12:42:00.034470', '9f4f74c0-6f6c-4120-8f29-31a2f59d6de5', 'f5755403-ca17-467f-8471-67043d866c5e'),
        ('2121e292-d8ac-4c64-a6a0-0533b86016a1', '2026-02-13 05:27:33.833836', '0826d9d1-95a2-4a25-b8ca-8f81b778c3a6', '1cd92e81-d8bc-492f-8cd7-cdda974cd346');

insert into Okayji.friend (id, user_high_id, user_low_id)
values  ('adfe3122-b85a-4f7f-afd4-d0654a4984c9', 'f5755403-ca17-467f-8471-67043d866c5e', '1cd92e81-d8bc-492f-8cd7-cdda974cd346'),
        ('fc3a7948-76e6-4da1-8428-606f4ac0db7f', 'f5755403-ca17-467f-8471-67043d866c5e', '9447a235-f6b6-4de2-b6e7-326e87cf6248');

insert into Okayji.message (id, content, created_at, seq, type, chat_id, sender_id)
values  (122, 'hi cẫu', '2026-02-23 13:47:38.277986', 1, 'TEXT', 'bc036f6a-a360-41de-af74-4584385c1499', 'f5755403-ca17-467f-8471-67043d866c5e'),
        (123, 'hi cc', '2026-02-23 13:47:49.553789', 2, 'TEXT', 'bc036f6a-a360-41de-af74-4584385c1499', '1cd92e81-d8bc-492f-8cd7-cdda974cd346'),
        (124, 'há', '2026-02-23 13:47:53.681288', 3, 'TEXT', 'bc036f6a-a360-41de-af74-4584385c1499', 'f5755403-ca17-467f-8471-67043d866c5e'),
        (125, 'cc', '2026-02-23 13:50:32.071015', 4, 'TEXT', 'bc036f6a-a360-41de-af74-4584385c1499', 'f5755403-ca17-467f-8471-67043d866c5e'),
        (126, 'cc', '2026-02-23 13:50:36.485545', 5, 'TEXT', 'bc036f6a-a360-41de-af74-4584385c1499', 'f5755403-ca17-467f-8471-67043d866c5e'),
        (127, 'cc', '2026-02-23 13:54:32.307067', 6, 'TEXT', 'bc036f6a-a360-41de-af74-4584385c1499', '1cd92e81-d8bc-492f-8cd7-cdda974cd346'),
        (128, 'hi', '2026-03-02 14:59:56.707890', 1, 'TEXT', '31189f84-719d-4196-80db-c68ec2ff31fa', '9f4f74c0-6f6c-4120-8f29-31a2f59d6de5'),
        (129, 'ok', '2026-03-02 15:01:02.176592', 2, 'TEXT', '31189f84-719d-4196-80db-c68ec2ff31fa', 'f5755403-ca17-467f-8471-67043d866c5e'),
        (130, 'hi', '2026-03-10 13:53:42.767372', 3, 'TEXT', '31189f84-719d-4196-80db-c68ec2ff31fa', 'f5755403-ca17-467f-8471-67043d866c5e'),
        (131, 'cc', '2026-03-10 13:54:52.106944', 4, 'TEXT', '31189f84-719d-4196-80db-c68ec2ff31fa', 'f5755403-ca17-467f-8471-67043d866c5e'),
        (132, 'c', '2026-03-10 14:07:15.190926', 5, 'TEXT', '31189f84-719d-4196-80db-c68ec2ff31fa', '9f4f74c0-6f6c-4120-8f29-31a2f59d6de5'),
        (133, 'cc', '2026-03-10 14:15:35.915231', 6, 'TEXT', '31189f84-719d-4196-80db-c68ec2ff31fa', '9f4f74c0-6f6c-4120-8f29-31a2f59d6de5'),
        (134, 'cc', '2026-03-10 14:23:04.821773', 7, 'TEXT', '31189f84-719d-4196-80db-c68ec2ff31fa', '9f4f74c0-6f6c-4120-8f29-31a2f59d6de5'),
        (135, 'ccc', '2026-03-10 15:26:45.122048', 8, 'TEXT', '31189f84-719d-4196-80db-c68ec2ff31fa', '9f4f74c0-6f6c-4120-8f29-31a2f59d6de5'),
        (136, 'abc', '2026-03-23 09:12:55.004554', 9, 'TEXT', '31189f84-719d-4196-80db-c68ec2ff31fa', '9f4f74c0-6f6c-4120-8f29-31a2f59d6de5'),
        (137, '12345465', '2026-03-23 09:12:57.138145', 10, 'TEXT', '31189f84-719d-4196-80db-c68ec2ff31fa', '9f4f74c0-6f6c-4120-8f29-31a2f59d6de5'),
        (138, 'ccccc', '2026-03-23 09:13:09.582377', 11, 'TEXT', '31189f84-719d-4196-80db-c68ec2ff31fa', '9f4f74c0-6f6c-4120-8f29-31a2f59d6de5'),
        (139, 'adada', '2026-03-23 09:13:10.961067', 12, 'TEXT', '31189f84-719d-4196-80db-c68ec2ff31fa', '9f4f74c0-6f6c-4120-8f29-31a2f59d6de5'),
        (140, 'addasdsa', '2026-03-23 09:13:11.827573', 13, 'TEXT', '31189f84-719d-4196-80db-c68ec2ff31fa', '9f4f74c0-6f6c-4120-8f29-31a2f59d6de5'),
        (141, 'asdasdaas', '2026-03-23 09:13:12.728156', 14, 'TEXT', '31189f84-719d-4196-80db-c68ec2ff31fa', '9f4f74c0-6f6c-4120-8f29-31a2f59d6de5'),
        (142, 'asdadasdsa', '2026-03-23 09:13:13.826482', 15, 'TEXT', '31189f84-719d-4196-80db-c68ec2ff31fa', '9f4f74c0-6f6c-4120-8f29-31a2f59d6de5'),
        (143, 'dasdasdsa', '2026-03-23 09:13:14.799181', 16, 'TEXT', '31189f84-719d-4196-80db-c68ec2ff31fa', '9f4f74c0-6f6c-4120-8f29-31a2f59d6de5'),
        (144, 'dasdasdasdas', '2026-03-23 09:13:15.961322', 17, 'TEXT', '31189f84-719d-4196-80db-c68ec2ff31fa', '9f4f74c0-6f6c-4120-8f29-31a2f59d6de5'),
        (145, 'asadasdsaasasasdasdasdsad', '2026-03-23 09:13:17.744399', 18, 'TEXT', '31189f84-719d-4196-80db-c68ec2ff31fa', '9f4f74c0-6f6c-4120-8f29-31a2f59d6de5'),
        (146, 'assaddsadasdsasdadasdasdas', '2026-03-23 09:13:19.563523', 19, 'TEXT', '31189f84-719d-4196-80db-c68ec2ff31fa', '9f4f74c0-6f6c-4120-8f29-31a2f59d6de5'),
        (147, 'asdadsasdasdsadsadweqeqweqw', '2026-03-23 09:13:21.383910', 20, 'TEXT', '31189f84-719d-4196-80db-c68ec2ff31fa', '9f4f74c0-6f6c-4120-8f29-31a2f59d6de5'),
        (148, 'asdasdsadsa', '2026-03-23 09:13:22.567194', 21, 'TEXT', '31189f84-719d-4196-80db-c68ec2ff31fa', '9f4f74c0-6f6c-4120-8f29-31a2f59d6de5'),
        (149, 'adadasdasdadas', '2026-03-23 09:13:24.242645', 22, 'TEXT', '31189f84-719d-4196-80db-c68ec2ff31fa', '9f4f74c0-6f6c-4120-8f29-31a2f59d6de5'),
        (150, 'adadasdasdasdassad', '2026-03-23 09:13:25.938506', 23, 'TEXT', '31189f84-719d-4196-80db-c68ec2ff31fa', '9f4f74c0-6f6c-4120-8f29-31a2f59d6de5'),
        (151, 'asdasdsaasdsadsadsadads', '2026-03-23 09:13:27.617546', 24, 'TEXT', '31189f84-719d-4196-80db-c68ec2ff31fa', '9f4f74c0-6f6c-4120-8f29-31a2f59d6de5'),
        (152, 'asdasdasdasdasdasd', '2026-03-23 09:13:29.038235', 25, 'TEXT', '31189f84-719d-4196-80db-c68ec2ff31fa', '9f4f74c0-6f6c-4120-8f29-31a2f59d6de5'),
        (153, 'asdasdasdasdsad', '2026-03-23 09:13:30.303230', 26, 'TEXT', '31189f84-719d-4196-80db-c68ec2ff31fa', '9f4f74c0-6f6c-4120-8f29-31a2f59d6de5'),
        (154, 'shut then', '2026-03-23 09:19:23.313057', 27, 'TEXT', '31189f84-719d-4196-80db-c68ec2ff31fa', 'f5755403-ca17-467f-8471-67043d866c5e'),
        (155, 'hi', '2026-03-23 09:22:21.576438', 28, 'TEXT', '31189f84-719d-4196-80db-c68ec2ff31fa', '9f4f74c0-6f6c-4120-8f29-31a2f59d6de5'),
        (156, 'cc', '2026-03-23 09:22:39.688419', 29, 'TEXT', '31189f84-719d-4196-80db-c68ec2ff31fa', 'f5755403-ca17-467f-8471-67043d866c5e'),
        (157, 'ccc', '2026-03-23 09:55:59.122925', 30, 'TEXT', '31189f84-719d-4196-80db-c68ec2ff31fa', 'f5755403-ca17-467f-8471-67043d866c5e'),
        (158, 'hi', '2026-03-23 09:56:53.005327', 1, 'TEXT', '98e02237-f0ce-4932-b7dc-89bd2455deec', 'f5755403-ca17-467f-8471-67043d866c5e'),
        (159, 'cc', '2026-03-23 09:57:03.084641', 31, 'TEXT', '31189f84-719d-4196-80db-c68ec2ff31fa', 'f5755403-ca17-467f-8471-67043d866c5e'),
        (160, 'https://okayji.s3.ap-southeast-1.amazonaws.com/images/2026-03-25/db754985-b3c0-4fd1-896a-96d39463378d.png', '2026-03-25 00:43:34.115851', 32, 'IMAGE', '31189f84-719d-4196-80db-c68ec2ff31fa', 'f5755403-ca17-467f-8471-67043d866c5e'),
        (161, 'https://okayji.s3.ap-southeast-1.amazonaws.com/videos/2026-03-25/6c5757c8-ced7-45bb-942a-8d2a24b32fba.mp4', '2026-03-25 00:46:26.866185', 33, 'VIDEO', '31189f84-719d-4196-80db-c68ec2ff31fa', 'f5755403-ca17-467f-8471-67043d866c5e'),
        (162, 'ccc', '2026-04-01 02:31:07.921617', 7, 'TEXT', 'bc036f6a-a360-41de-af74-4584385c1499', '1cd92e81-d8bc-492f-8cd7-cdda974cd346'),
        (163, 'l', '2026-04-01 02:31:13.844362', 8, 'TEXT', 'bc036f6a-a360-41de-af74-4584385c1499', 'f5755403-ca17-467f-8471-67043d866c5e'),
        (164, 'hi', '2026-04-01 12:41:02.338446', 1, 'TEXT', '56fb0e68-69fc-4344-ba66-328ee193ef6c', 'f5755403-ca17-467f-8471-67043d866c5e'),
        (165, 'hi', '2026-04-01 13:13:18.098569', 2, 'TEXT', '56fb0e68-69fc-4344-ba66-328ee193ef6c', 'f5755403-ca17-467f-8471-67043d866c5e'),
        (166, 'ẹ', '2026-04-01 13:13:31.276139', 9, 'TEXT', 'bc036f6a-a360-41de-af74-4584385c1499', '1cd92e81-d8bc-492f-8cd7-cdda974cd346'),
        (167, '/', '2026-04-01 13:13:36.917110', 10, 'TEXT', 'bc036f6a-a360-41de-af74-4584385c1499', 'f5755403-ca17-467f-8471-67043d866c5e'),
        (168, 'lo', '2026-04-01 13:13:53.095900', 11, 'TEXT', 'bc036f6a-a360-41de-af74-4584385c1499', 'f5755403-ca17-467f-8471-67043d866c5e');

insert into Okayji.moderation_job (id, created_at, max_retries, retry_count, status, target_id, target_type)
values  (1, '2026-03-11 10:45:05.687876', 5, 1, 'DONE', '042dea97-a22e-4ba4-92e2-9d0126aada06', 'POST'),
        (2, '2026-03-11 10:52:03.753521', 5, 1, 'DONE', 'cea17014-fc56-4f01-bc2b-18540aab1b2a', 'POST'),
        (3, '2026-03-11 10:56:27.830846', 5, 1, 'DONE', 'f8f64283-1a64-430f-9aa0-d7b992eaaa0d', 'POST'),
        (4, '2026-03-11 10:57:24.223732', 5, 1, 'DONE', 'f8f64283-1a64-430f-9aa0-d7b992eaaa0d', 'POST'),
        (5, '2026-03-11 10:58:21.813265', 5, 1, 'DONE', 'f8f64283-1a64-430f-9aa0-d7b992eaaa0d', 'POST'),
        (6, '2026-03-25 00:59:22.074320', 5, 1, 'DONE', '4cbb14bc-0676-4c3e-b47a-a22c71226ac6', 'POST'),
        (7, '2026-04-01 02:13:04.197921', 5, 1, 'DONE', '4f000cea-0499-4d40-90b4-715f2136c9f4', 'COMMENT'),
        (8, '2026-04-01 02:28:14.375436', 5, 1, 'DONE', '3d19d04f-500f-40a9-a9a9-7dac2ea31e4d', 'COMMENT'),
        (9, '2026-04-01 02:28:31.419512', 5, 1, 'DONE', 'eeb1b25e-ab9a-4f0e-8b25-e736b5e15ae4', 'COMMENT'),
        (10, '2026-04-01 02:28:47.976016', 5, 1, 'DONE', '13dc3c47-6551-4162-9b8b-17f71cbb9a7d', 'POST'),
        (11, '2026-04-01 04:28:33.586737', 5, 5, 'FAILED', '0de7d68f-f313-42d0-aa27-94976a5f83e2', 'POST'),
        (12, '2026-04-01 07:09:12.246706', 5, 4, 'DONE', '4cc7abfa-b9a0-4d61-baf2-4d4780c60ce2', 'POST'),
        (13, '2026-04-01 07:22:26.175772', 5, 1, 'DONE', '9b83ec4f-fd37-43fc-8676-9b576acef15e', 'POST'),
        (14, '2026-04-01 07:26:11.573594', 5, 1, 'DONE', 'c167e842-8396-4922-97df-2c10059bf3f6', 'POST'),
        (15, '2026-04-01 07:26:12.706169', 5, 1, 'DONE', '39278cba-b312-458e-9ffb-eab125417d47', 'POST'),
        (16, '2026-04-01 07:26:15.309169', 5, 1, 'DONE', 'be496385-6a09-402a-b9cc-a8b4ebdf40ed', 'POST'),
        (17, '2026-04-01 07:26:18.632071', 5, 1, 'DONE', '807430c2-2650-4d91-8a93-cc549808d1bf', 'POST'),
        (18, '2026-04-01 07:26:20.869035', 5, 1, 'DONE', 'bb5ab683-b9bf-4c06-aa0d-5fe525fdc0e1', 'POST'),
        (19, '2026-04-01 07:26:21.900287', 5, 1, 'DONE', '3cb5c97a-0c46-41e8-babb-d24e78ab6696', 'POST'),
        (20, '2026-04-01 07:26:22.928839', 5, 1, 'DONE', '6479fbe3-3de4-4082-b42c-f0c517209fb1', 'POST'),
        (21, '2026-04-01 07:26:23.920671', 5, 1, 'DONE', 'fe4e61c2-b5f0-4fb7-a89f-ca37fb2b546d', 'POST'),
        (22, '2026-04-01 07:26:25.438515', 5, 1, 'DONE', '9a76b809-d786-4487-96d5-2f1c66600cfe', 'POST'),
        (23, '2026-04-01 07:26:26.663195', 5, 1, 'DONE', 'e4e9afad-01ac-4f36-8a70-8b25ab2012cb', 'POST'),
        (24, '2026-04-01 07:26:28.941050', 5, 1, 'DONE', '55960980-2e82-4bcf-ba93-fc1ebbd0a380', 'POST'),
        (25, '2026-04-01 07:26:29.957130', 5, 1, 'DONE', 'f8e42be1-4d40-4a94-8e0b-1d471d3f0001', 'POST'),
        (26, '2026-04-01 08:01:19.405018', 5, 1, 'DONE', '77da37c8-bf8e-4971-9882-bb69639ceb3f', 'POST'),
        (27, '2026-04-01 12:30:44.049357', 5, 2, 'DONE', '3837dd23-9b08-4519-9aa5-a70a1bb30d5f', 'POST'),
        (28, '2026-04-01 12:31:22.251032', 5, 1, 'DONE', 'ae534634-2c75-4dac-9291-d3e617e6edbf', 'POST'),
        (29, '2026-04-01 12:36:10.682888', 5, 1, 'DONE', '77585aea-a6af-4817-a842-791ea2cbf4f8', 'COMMENT'),
        (30, '2026-04-01 12:42:55.629839', 5, 1, 'DONE', '6db68ae9-967a-4949-b1ba-47ac60e4a3c3', 'COMMENT'),
        (31, '2026-04-02 10:04:45.481990', 5, 1, 'DONE', '1f9b1a38-adad-4d10-9994-355d362f1986', 'POST'),
        (32, '2026-04-02 10:09:14.772565', 5, 1, 'DONE', '0499db09-d1bc-4b87-9e27-435b9255ccd3', 'COMMENT');

insert into Okayji.moderation_result (id, categories, category_scores, created_at, decision, flagged, moderation_job_id, input_type)
values  (1, '{"hate": false, "sexual": false, "violence": false, "self-harm": false, "harassment": false, "sexual/minors": false, "hate/threatening": false, "self-harm/intent": false, "violence/graphic": false, "harassment/threatening": false, "self-harm/instructions": false}', '{"hate": 0.000009761566060239504, "sexual": 0.2064821278830263, "violence": 0.0005465467242453664, "self-harm": 0.000009993031795570665, "harassment": 0.00004442183589214344, "sexual/minors": 0.00017140384791880216, "hate/threatening": 0.0000006144174602214718, "self-harm/intent": 0.00000359130106794994, "violence/graphic": 0.000010391067562761452, "harassment/threatening": 0.000012931563954607948, "self-harm/instructions": 0.000004331903899346328}', '2026-03-11 10:51:26.696738', 'ALLOW', false, 1, 'IMAGE'),
        (2, '{"hate": false, "sexual": false, "violence": false, "self-harm": false, "harassment": true, "sexual/minors": false, "hate/threatening": false, "self-harm/intent": false, "violence/graphic": false, "harassment/threatening": false, "self-harm/instructions": false}', '{"hate": 0.007930738794579497, "sexual": 0.020063133943110385, "violence": 0.01019569850148852, "self-harm": 0.0005367124801338166, "harassment": 0.40108872659440187, "sexual/minors": 0.0000234135824776394, "hate/threatening": 0.000020988308820313112, "self-harm/intent": 0.0002615101107805796, "violence/graphic": 0.000020662982488383408, "harassment/threatening": 0.0012829485897552324, "self-harm/instructions": 0.0002259754683221469}', '2026-03-11 10:52:27.145868', 'REVIEW', true, 2, 'IMAGE'),
        (3, '{"hate": false, "sexual": false, "violence": false, "self-harm": false, "harassment": false, "sexual/minors": false, "hate/threatening": false, "self-harm/intent": false, "violence/graphic": false, "harassment/threatening": false, "self-harm/instructions": false}', '{"hate": 0.00010987310729246432, "sexual": 0.09717857818311984, "violence": 0.010146862662084352, "self-harm": 0.0004768908238063255, "harassment": 0.0008278579652052191, "sexual/minors": 0.0001882185910076404, "hate/threatening": 0.000003822911232549001, "self-harm/intent": 0.00021332953715267472, "violence/graphic": 0.000039821309061635425, "harassment/threatening": 0.0007516926173678823, "self-harm/instructions": 0.00021602541230555288}', '2026-03-11 10:56:49.956121', 'ALLOW', false, 3, 'IMAGE'),
        (4, '{"hate": false, "sexual": true, "illicit": false, "violence": false, "self-harm": false, "harassment": false, "sexual/minors": false, "illicit/violent": false, "hate/threatening": false, "self-harm/intent": false, "violence/graphic": false, "harassment/threatening": false, "self-harm/instructions": false}', '{"hate": 0.0, "sexual": 0.9917529466334828, "illicit": 0.0, "violence": 0.11637149942519652, "self-harm": 0.004703997982902827, "harassment": 0.0, "sexual/minors": 0.0, "illicit/violent": 0.0, "hate/threatening": 0.0, "self-harm/intent": 0.00028577082972949515, "violence/graphic": 0.0024841928160662975, "harassment/threatening": 0.0, "self-harm/instructions": 0.00023227834762382836}', '2026-03-11 10:56:52.352234', 'BLOCK', true, 3, 'IMAGE'),
        (5, '{"hate": false, "sexual": false, "violence": false, "self-harm": false, "harassment": false, "sexual/minors": false, "hate/threatening": false, "self-harm/intent": false, "violence/graphic": false, "harassment/threatening": false, "self-harm/instructions": false}', '{"hate": 0.00006263341581094202, "sexual": 0.03779847037626241, "violence": 0.010159335753013764, "self-harm": 0.000485037465724097, "harassment": 0.0007337515861650474, "sexual/minors": 0.00025114635138098534, "hate/threatening": 0.0000025466403947055455, "self-harm/intent": 0.0002154336363883092, "violence/graphic": 0.00004512106237781923, "harassment/threatening": 0.000748345240125015, "self-harm/instructions": 0.00021491377746251175}', '2026-03-11 10:58:03.070765', 'ALLOW', false, 4, 'IMAGE'),
        (6, '{"hate": false, "sexual": true, "illicit": false, "violence": false, "self-harm": false, "harassment": false, "sexual/minors": false, "illicit/violent": false, "hate/threatening": false, "self-harm/intent": false, "violence/graphic": false, "harassment/threatening": false, "self-harm/instructions": false}', '{"hate": 0.0, "sexual": 0.9917411268813682, "illicit": 0.0, "violence": 0.09583458406116813, "self-harm": 0.004693953150028695, "harassment": 0.0, "sexual/minors": 0.0, "illicit/violent": 0.0, "hate/threatening": 0.0, "self-harm/intent": 0.00028577082972949515, "violence/graphic": 0.003444522217938925, "harassment/threatening": 0.0, "self-harm/instructions": 0.0002292575353938512}', '2026-03-11 10:58:04.758434', 'BLOCK', true, 4, 'IMAGE'),
        (7, '{"hate": false, "sexual": false, "violence": false, "self-harm": false, "harassment": false, "sexual/minors": false, "hate/threatening": false, "self-harm/intent": false, "violence/graphic": false, "harassment/threatening": false, "self-harm/instructions": false}', '{"hate": 0.0000646203290719727, "sexual": 0.0378886603125136, "violence": 0.010159335753013764, "self-harm": 0.000485037465724097, "harassment": 0.0007314205575305066, "sexual/minors": 0.00025311113093281796, "hate/threatening": 0.0000025071593847983196, "self-harm/intent": 0.00021527750928249177, "violence/graphic": 0.00004512106237781923, "harassment/threatening": 0.000748345240125015, "self-harm/instructions": 0.00021491377746251175}', '2026-03-11 11:00:17.616619', 'ALLOW', false, 5, 'IMAGE'),
        (8, '{"hate": false, "sexual": true, "illicit": false, "violence": false, "self-harm": false, "harassment": false, "sexual/minors": false, "illicit/violent": false, "hate/threatening": false, "self-harm/intent": false, "violence/graphic": false, "harassment/threatening": false, "self-harm/instructions": false}', '{"hate": 0.0, "sexual": 0.9917529466334828, "illicit": 0.0, "violence": 0.11637149942519652, "self-harm": 0.004703997982902827, "harassment": 0.0, "sexual/minors": 0.0, "illicit/violent": 0.0, "hate/threatening": 0.0, "self-harm/intent": 0.00028577082972949515, "violence/graphic": 0.0024841928160662975, "harassment/threatening": 0.0, "self-harm/instructions": 0.00023227834762382836}', '2026-03-11 11:00:19.189843', 'BLOCK', true, 5, 'IMAGE'),
        (9, '{"hate": false, "sexual": false, "violence": false, "self-harm": false, "harassment": false, "sexual/minors": false, "hate/threatening": false, "self-harm/intent": false, "violence/graphic": false, "harassment/threatening": false, "self-harm/instructions": false}', '{"hate": 0.000007484622751061123, "sexual": 0.0007161476078247872, "violence": 0.0005493912805431325, "self-harm": 0.000007543320946723971, "harassment": 0.000013982207564732913, "sexual/minors": 0.000008481104172358076, "hate/threatening": 0.0000003288749065460498, "self-harm/intent": 0.00000288571183887091, "violence/graphic": 0.000009170196905195049, "harassment/threatening": 0.000005649793328376294, "self-harm/instructions": 0.000003024195853395102}', '2026-04-01 01:13:11.916774', 'ALLOW', false, 6, 'TEXT'),
        (10, '{"hate": false, "sexual": false, "violence": false, "self-harm": false, "harassment": false, "sexual/minors": false, "hate/threatening": false, "self-harm/intent": false, "violence/graphic": false, "harassment/threatening": false, "self-harm/instructions": false}', '{"hate": 0.000011061159714638084, "sexual": 0.010145215860635944, "violence": 0.0005538279886564313, "self-harm": 0.000004832563818725537, "harassment": 0.00003569706350376584, "sexual/minors": 0.00003514382632807918, "hate/threatening": 0.0000005255395707074638, "self-harm/intent": 0.0000015936620247162786, "violence/graphic": 0.00001177445922838707, "harassment/threatening": 0.000007602479448313689, "self-harm/instructions": 0.0000014510478554719289}', '2026-04-01 02:13:10.625952', 'ALLOW', false, 7, 'TEXT'),
        (11, '{"hate": false, "sexual": false, "violence": false, "self-harm": false, "harassment": false, "sexual/minors": false, "hate/threatening": false, "self-harm/intent": false, "violence/graphic": false, "harassment/threatening": false, "self-harm/instructions": false}', '{"hate": 0.0000025466403947055455, "sexual": 0.0006949397826019072, "violence": 0.0004954494009362499, "self-harm": 0.000002710880136557205, "harassment": 0.000020662982488383408, "sexual/minors": 0.000006502816785764437, "hate/threatening": 0.00000008851569304133283, "self-harm/intent": 0.0000009818326983657703, "violence/graphic": 0.000002840974294610978, "harassment/threatening": 0.000002078517043506373, "self-harm/instructions": 0.0000006962256250138369}', '2026-04-01 02:28:20.550769', 'ALLOW', false, 8, 'TEXT'),
        (27, '{"hate": false, "sexual": false, "violence": false, "self-harm": false, "harassment": false, "sexual/minors": false, "hate/threatening": false, "self-harm/intent": false, "violence/graphic": false, "harassment/threatening": false, "self-harm/instructions": false}', '{"hate": 0.000026119031909571944, "sexual": 0.06472353316516272, "violence": 0.0005411170227538132, "self-harm": 0.00000881892315989113, "harassment": 0.00008040859356292355, "sexual/minors": 0.0003765413784673874, "hate/threatening": 0.0000010129990980873922, "self-harm/intent": 0.000002668852957262856, "violence/graphic": 0.000009461262661302228, "harassment/threatening": 0.000010889691002655444, "self-harm/instructions": 0.0000015446309562386385}', '2026-04-01 03:15:53.940231', 'ALLOW', false, 10, 'TEXT'),
        (31, '{"hate": false, "sexual": false, "violence": false, "self-harm": false, "harassment": false, "sexual/minors": false, "hate/threatening": false, "self-harm/intent": false, "violence/graphic": false, "harassment/threatening": false, "self-harm/instructions": false}', '{"hate": 0.000010889691002655444, "sexual": 0.0008540336462424981, "violence": 0.0005312230782558095, "self-harm": 0.00000714190139989638, "harassment": 0.00003799845147518645, "sexual/minors": 0.00001488384825728813, "hate/threatening": 0.000000478509449489012, "self-harm/intent": 0.0000025071593847983196, "violence/graphic": 0.000013552078562406772, "harassment/threatening": 0.000006709224499600877, "self-harm/instructions": 0.0000027535691114583474}', '2026-04-01 07:09:28.734439', 'ALLOW', false, 12, 'TEXT'),
        (32, '{"hate": false, "sexual": false, "violence": false, "self-harm": false, "harassment": false, "sexual/minors": false, "hate/threatening": false, "self-harm/intent": false, "violence/graphic": false, "harassment/threatening": false, "self-harm/instructions": false}', '{"hate": 0.000010554685795431098, "sexual": 0.0008487344920069995, "violence": 0.0005289365944662937, "self-harm": 0.000006922183404468203, "harassment": 0.00003682979260160596, "sexual/minors": 0.000014653129390717958, "hate/threatening": 0.000000478509449489012, "self-harm/intent": 0.0000025466403947055455, "violence/graphic": 0.000013135179706526776, "harassment/threatening": 0.000006502816785764437, "self-harm/instructions": 0.0000027535691114583474}', '2026-04-01 07:10:50.701165', 'ALLOW', false, 12, 'TEXT'),
        (34, '{"hate": false, "sexual": false, "violence": false, "self-harm": false, "harassment": false, "sexual/minors": false, "hate/threatening": false, "self-harm/intent": false, "violence/graphic": false, "harassment/threatening": false, "self-harm/instructions": false}', '{"hate": 0.000010889691002655444, "sexual": 0.0008540336462424981, "violence": 0.0005312230782558095, "self-harm": 0.00000714190139989638, "harassment": 0.00003799845147518645, "sexual/minors": 0.00001488384825728813, "hate/threatening": 0.000000478509449489012, "self-harm/intent": 0.0000025071593847983196, "violence/graphic": 0.000013552078562406772, "harassment/threatening": 0.000006709224499600877, "self-harm/instructions": 0.0000027535691114583474}', '2026-04-01 07:18:52.595192', 'ALLOW', false, 12, 'TEXT'),
        (35, '{"hate": false, "sexual": false, "violence": false, "self-harm": false, "harassment": false, "sexual/minors": false, "hate/threatening": false, "self-harm/intent": false, "violence/graphic": false, "harassment/threatening": false, "self-harm/instructions": false}', '{"hate": 0.000010889691002655444, "sexual": 0.0008540336462424981, "violence": 0.0005312230782558095, "self-harm": 0.00000714190139989638, "harassment": 0.00003799845147518645, "sexual/minors": 0.00001488384825728813, "hate/threatening": 0.000000478509449489012, "self-harm/intent": 0.0000025071593847983196, "violence/graphic": 0.000013552078562406772, "harassment/threatening": 0.000006709224499600877, "self-harm/instructions": 0.0000027535691114583474}', '2026-04-01 07:19:24.097513', 'ALLOW', false, 12, 'TEXT'),
        (36, '{"hate": false, "sexual": false, "violence": false, "self-harm": false, "harassment": false, "sexual/minors": false, "hate/threatening": false, "self-harm/intent": false, "violence/graphic": false, "harassment/threatening": false, "self-harm/instructions": false}', '{"hate": 0.001191638642959647, "sexual": 0.0027427567939960506, "violence": 0.0012497609385482096, "self-harm": 0.0004743830792280016, "harassment": 0.005892827317597678, "sexual/minors": 0.00004512106237781923, "hate/threatening": 0.00000453978687024344, "self-harm/intent": 0.0002323101517224571, "violence/graphic": 0.00002913700606794303, "harassment/threatening": 0.0007806789845511629, "self-harm/instructions": 0.00021762530935888873}', '2026-04-01 07:22:50.771842', 'ALLOW', false, 13, 'TEXT'),
        (37, '{"hate": false, "sexual": false, "violence": false, "self-harm": false, "harassment": false, "sexual/minors": false, "hate/threatening": false, "self-harm/intent": false, "violence/graphic": false, "harassment/threatening": false, "self-harm/instructions": false}', '{"hate": 0.000010889691002655444, "sexual": 0.0008487344920069995, "violence": 0.0005312230782558095, "self-harm": 0.00000714190139989638, "harassment": 0.00003859660905807736, "sexual/minors": 0.00001488384825728813, "hate/threatening": 0.000000478509449489012, "self-harm/intent": 0.0000025071593847983196, "violence/graphic": 0.000013135179706526776, "harassment/threatening": 0.000006709224499600877, "self-harm/instructions": 0.000002796930302582677}', '2026-04-01 07:23:52.406494', 'ALLOW', false, 12, 'TEXT'),
        (38, '{"hate": false, "sexual": false, "violence": false, "self-harm": false, "harassment": false, "sexual/minors": false, "hate/threatening": false, "self-harm/intent": false, "violence/graphic": false, "harassment/threatening": false, "self-harm/instructions": false}', '{"hate": 0.000014202364022997911, "sexual": 0.020615836170692067, "violence": 0.001178040218678264, "self-harm": 0.00000461127481426412, "harassment": 0.0000646203290719727, "sexual/minors": 0.00006361912109467577, "hate/threatening": 0.0000004936988949458183, "self-harm/intent": 0.0000014971083692627422, "violence/graphic": 0.000014202364022997911, "harassment/threatening": 0.00001488384825728813, "self-harm/instructions": 0.0000009818326983657703}', '2026-04-01 07:26:23.216379', 'ALLOW', false, 14, 'TEXT'),
        (39, '{"hate": false, "sexual": false, "violence": false, "self-harm": false, "harassment": false, "sexual/minors": false, "hate/threatening": false, "self-harm/intent": false, "violence/graphic": false, "harassment/threatening": false, "self-harm/instructions": false}', '{"hate": 0.00015011822567369918, "sexual": 0.00006263341581094202, "violence": 0.0005437895311587944, "self-harm": 0.0004677345921664252, "harassment": 0.0062341240541098075, "sexual/minors": 0.000008349627818261147, "hate/threatening": 0.0000016442494559854523, "self-harm/intent": 0.00022668099229563676, "violence/graphic": 0.000011235328063870752, "harassment/threatening": 0.000027803096387751555, "self-harm/instructions": 0.000003426849054255502}', '2026-04-01 07:26:23.851066', 'ALLOW', false, 15, 'TEXT'),
        (40, '{"hate": false, "sexual": false, "violence": false, "self-harm": false, "harassment": false, "sexual/minors": false, "hate/threatening": false, "self-harm/intent": false, "violence/graphic": false, "harassment/threatening": false, "self-harm/instructions": false}', '{"hate": 0.00003514382632807918, "sexual": 0.002809879477103823, "violence": 0.0005256379073836972, "self-harm": 0.000013342001090985438, "harassment": 0.0005502683110505684, "sexual/minors": 0.000024156629828672456, "hate/threatening": 0.0000011659530314852966, "self-harm/intent": 0.00021559222163915307, "violence/graphic": 0.000005225226840386988, "harassment/threatening": 0.00001971694219622292, "self-harm/instructions": 0.000002668852957262856}', '2026-04-01 07:26:25.167342', 'ALLOW', false, 16, 'TEXT'),
        (41, '{"hate": false, "sexual": false, "violence": false, "self-harm": false, "harassment": false, "sexual/minors": false, "hate/threatening": false, "self-harm/intent": false, "violence/graphic": false, "harassment/threatening": false, "self-harm/instructions": false}', '{"hate": 0.00007978334816343426, "sexual": 0.02028109306868244, "violence": 0.031987071396040206, "self-harm": 0.01025851447013463, "harassment": 0.0005857959236675918, "sexual/minors": 0.00009110511944006454, "hate/threatening": 0.000007722191834067996, "self-harm/intent": 0.0003023374329448302, "violence/graphic": 0.0034886488464447177, "harassment/threatening": 0.000747540544174614, "self-harm/instructions": 0.0002502975899960789}', '2026-04-01 07:26:26.011514', 'ALLOW', false, 17, 'TEXT'),
        (42, '{"hate": false, "sexual": false, "violence": false, "self-harm": false, "harassment": false, "sexual/minors": false, "hate/threatening": false, "self-harm/intent": false, "violence/graphic": false, "harassment/threatening": false, "self-harm/instructions": false}', '{"hate": 0.00001488384825728813, "sexual": 0.0028428458272168377, "violence": 0.001256231525345503, "self-harm": 0.000008156224673856543, "harassment": 0.000050333557545281144, "sexual/minors": 0.00002868540823874629, "hate/threatening": 0.0000008939696304799168, "self-harm/intent": 0.0000024682904407607285, "violence/graphic": 0.000026119031909571944, "harassment/threatening": 0.00001535623976496012, "self-harm/instructions": 0.0000023187477504664324}', '2026-04-01 07:26:27.450591', 'ALLOW', false, 18, 'TEXT'),
        (43, '{"hate": false, "sexual": false, "violence": false, "self-harm": false, "harassment": false, "sexual/minors": false, "hate/threatening": false, "self-harm/intent": false, "violence/graphic": false, "harassment/threatening": false, "self-harm/instructions": false}', '{"hate": 0.04441143477295208, "sexual": 0.00008559006367452268, "violence": 0.022735656113945613, "self-harm": 0.004795200896844157, "harassment": 0.1956832456786415, "sexual/minors": 0.000017130819343483194, "hate/threatening": 0.0033326504059141464, "self-harm/intent": 0.00033581290082815323, "violence/graphic": 0.00005357805383473943, "harassment/threatening": 0.005835712513012271, "self-harm/instructions": 0.0002411633099620722}', '2026-04-01 07:26:27.921872', 'ALLOW', false, 19, 'TEXT'),
        (44, '{"hate": false, "sexual": false, "violence": false, "self-harm": false, "harassment": false, "sexual/minors": false, "hate/threatening": false, "self-harm/intent": false, "violence/graphic": false, "harassment/threatening": false, "self-harm/instructions": false}', '{"hate": 0.00015011822567369918, "sexual": 0.01039167595443894, "violence": 0.0005633490590837672, "self-harm": 0.0004816744542579805, "harassment": 0.005126694738705461, "sexual/minors": 0.00005357805383473943, "hate/threatening": 0.000002078517043506373, "self-harm/intent": 0.00022841290836588552, "violence/graphic": 0.000015598027633743823, "harassment/threatening": 0.00003625900662832244, "self-harm/instructions": 0.00021404877239531177}', '2026-04-01 07:26:58.712439', 'ALLOW', false, 20, 'TEXT'),
        (45, '{"hate": false, "sexual": false, "violence": false, "self-harm": false, "harassment": false, "sexual/minors": false, "hate/threatening": false, "self-harm/intent": false, "violence/graphic": false, "harassment/threatening": false, "self-harm/instructions": false}', '{"hate": 0.0000072543618230189156, "sexual": 0.0009180870254226622, "violence": 0.0005235230228025316, "self-harm": 0.00000453978687024344, "harassment": 0.000024156629828672456, "sexual/minors": 0.00001535623976496012, "hate/threatening": 0.0000002994440981371515, "self-harm/intent": 0.0000014510478554719289, "violence/graphic": 0.000005391084403253366, "harassment/threatening": 0.000004832563818725537, "self-harm/instructions": 0.0000010451548051737737}', '2026-04-01 07:26:59.208765', 'ALLOW', false, 21, 'TEXT'),
        (46, '{"hate": false, "sexual": false, "violence": false, "self-harm": false, "harassment": false, "sexual/minors": false, "hate/threatening": false, "self-harm/intent": false, "violence/graphic": false, "harassment/threatening": false, "self-harm/instructions": false}', '{"hate": 0.00010733063129096292, "sexual": 0.01039167595443894, "violence": 0.001235236765076339, "self-harm": 0.00001609308249869283, "harassment": 0.0006844636359260021, "sexual/minors": 0.00003150386940813393, "hate/threatening": 0.000002078517043506373, "self-harm/intent": 0.00000498595821272702, "violence/graphic": 0.0000234135824776394, "harassment/threatening": 0.00004373344035182828, "self-harm/instructions": 0.0000041335397768930325}', '2026-04-01 07:26:59.772296', 'ALLOW', false, 22, 'TEXT'),
        (47, '{"hate": false, "sexual": false, "violence": false, "self-harm": false, "harassment": false, "sexual/minors": false, "hate/threatening": false, "self-harm/intent": false, "violence/graphic": false, "harassment/threatening": false, "self-harm/instructions": false}', '{"hate": 0.007151923689319632, "sexual": 0.01040826973575264, "violence": 0.010188854592563546, "self-harm": 0.0005298457955252682, "harassment": 0.009303337213212462, "sexual/minors": 0.00004373344035182828, "hate/threatening": 0.000012533751425646102, "self-harm/intent": 0.00023837750867635168, "violence/graphic": 0.0000234135824776394, "harassment/threatening": 0.0009215994816258245, "self-harm/instructions": 0.0002239646931969596}', '2026-04-01 07:27:00.503617', 'ALLOW', false, 23, 'TEXT'),
        (48, '{"hate": false, "sexual": false, "violence": false, "self-harm": false, "harassment": false, "sexual/minors": false, "hate/threatening": false, "self-harm/intent": false, "violence/graphic": false, "harassment/threatening": false, "self-harm/instructions": false}', '{"hate": 0.0000646203290719727, "sexual": 0.05200624165211269, "violence": 0.0011435787590044176, "self-harm": 0.0004799057068598854, "harassment": 0.0007954858324125296, "sexual/minors": 0.0001151399565677214, "hate/threatening": 0.0000024300240743279605, "self-harm/intent": 0.00022417644371706705, "violence/graphic": 0.000020027376671813928, "harassment/threatening": 0.00004305570813246149, "self-harm/instructions": 0.00021286690840069392}', '2026-04-01 07:27:01.090463', 'ALLOW', false, 24, 'TEXT'),
        (49, '{"hate": false, "sexual": false, "violence": false, "self-harm": false, "harassment": false, "sexual/minors": false, "hate/threatening": false, "self-harm/intent": false, "violence/graphic": false, "harassment/threatening": false, "self-harm/instructions": false}', '{"hate": 0.000004069457790466838, "sexual": 0.00017821963223663923, "violence": 0.001227285180014391, "self-harm": 0.0004662581786137561, "harassment": 0.000016346470245419304, "sexual/minors": 0.000010391067562761452, "hate/threatening": 0.0000007889262586245034, "self-harm/intent": 0.000216251927169227, "violence/graphic": 0.00004583129006350382, "harassment/threatening": 0.000010391067562761452, "self-harm/instructions": 0.00021465690721078672}', '2026-04-01 07:27:02.418469', 'ALLOW', false, 25, 'TEXT'),
        (50, '{"hate": false, "sexual": false, "violence": false, "self-harm": false, "harassment": false, "sexual/minors": false, "hate/threatening": false, "self-harm/intent": false, "violence/graphic": false, "harassment/threatening": false, "self-harm/instructions": false}', '{"hate": 0.000007602479448313689, "sexual": 0.010145215860635944, "violence": 0.0005347894011802569, "self-harm": 0.000004069457790466838, "harassment": 0.00003682979260160596, "sexual/minors": 0.0000295957113513077, "hate/threatening": 0.0000003393144812976613, "self-harm/intent": 0.0000011659530314852966, "violence/graphic": 0.000007484622751061123, "harassment/threatening": 0.000005562206273647035, "self-harm/instructions": 0.0000009818326983657703}', '2026-04-01 08:01:46.164210', 'ALLOW', false, 26, 'TEXT'),
        (51, '{"hate": false, "sexual": false, "violence": false, "self-harm": false, "harassment": false, "sexual/minors": false, "hate/threatening": false, "self-harm/intent": false, "violence/graphic": false, "harassment/threatening": false, "self-harm/instructions": false}', '{"hate": 0.0000018925148246037345, "sexual": 0.00010817152527255935, "violence": 0.000018814207550495463, "self-harm": 0.0000032699273422345685, "harassment": 0.000008349627818261147, "sexual/minors": 0.000004832563818725537, "hate/threatening": 0.00000006276704134001713, "self-harm/intent": 0.0000014971083692627422, "violence/graphic": 0.0000016187581436151335, "harassment/threatening": 0.0000010129990980873922, "self-harm/instructions": 0.0000006643433442159853}', '2026-04-01 12:32:45.807934', 'ALLOW', false, 27, 'TEXT'),
        (52, '{"hate": false, "sexual": false, "violence": false, "self-harm": false, "harassment": false, "sexual/minors": false, "hate/threatening": false, "self-harm/intent": false, "violence/graphic": false, "harassment/threatening": false, "self-harm/instructions": false}', '{"hate": 0.000028240807799315707, "sexual": 0.002887025252971318, "violence": 0.0005465467242453664, "self-harm": 0.00001699752890963125, "harassment": 0.0006367989846198146, "sexual/minors": 0.000030061635882429376, "hate/threatening": 0.0000007889262586245034, "self-harm/intent": 0.000005649793328376294, "violence/graphic": 0.000008220189478350845, "harassment/threatening": 0.000010889691002655444, "self-harm/instructions": 0.00000297731143841062}', '2026-04-01 12:32:46.369515', 'ALLOW', false, 28, 'TEXT'),
        (53, '{"hate": false, "sexual": false, "illicit": false, "violence": false, "self-harm": false, "harassment": false, "sexual/minors": false, "illicit/violent": false, "hate/threatening": false, "self-harm/intent": false, "violence/graphic": false, "harassment/threatening": false, "self-harm/instructions": false}', '{"hate": 0.0, "sexual": 0.00008693673928062173, "illicit": 0.0, "violence": 0.0005156936737338665, "self-harm": 0.000012931563954607948, "harassment": 0.0, "sexual/minors": 0.0, "illicit/violent": 0.0, "hate/threatening": 0.0, "self-harm/intent": 0.0000024682904407607285, "violence/graphic": 0.000005649793328376294, "harassment/threatening": 0.0, "self-harm/instructions": 0.0000012219076020491008}', '2026-04-01 12:33:25.947672', 'ALLOW', false, 28, 'VIDEO_FRAME'),
        (54, '{"hate": false, "sexual": false, "illicit": false, "violence": false, "self-harm": false, "harassment": false, "sexual/minors": false, "illicit/violent": false, "hate/threatening": false, "self-harm/intent": false, "violence/graphic": false, "harassment/threatening": false, "self-harm/instructions": false}', '{"hate": 0.0, "sexual": 0.00006263341581094202, "illicit": 0.0, "violence": 0.0004966741009398081, "self-harm": 0.000007967300986103147, "harassment": 0.0, "sexual/minors": 0.0, "illicit/violent": 0.0, "hate/threatening": 0.0, "self-harm/intent": 0.0000015689549727726036, "violence/graphic": 0.0000041335397768930325, "harassment/threatening": 0.0, "self-harm/instructions": 0.0000008139692624947503}', '2026-04-01 12:33:25.956022', 'ALLOW', false, 28, 'VIDEO_FRAME'),
        (55, '{"hate": false, "sexual": false, "illicit": false, "violence": false, "self-harm": false, "harassment": false, "sexual/minors": false, "illicit/violent": false, "hate/threatening": false, "self-harm/intent": false, "violence/graphic": false, "harassment/threatening": false, "self-harm/instructions": false}', '{"hate": 0.0, "sexual": 0.00012843081201339694, "illicit": 0.0, "violence": 0.0004948512433533591, "self-harm": 0.000012632042438707805, "harassment": 0.0, "sexual/minors": 0.0, "illicit/violent": 0.0, "hate/threatening": 0.0, "self-harm/intent": 0.000002796930302582677, "violence/graphic": 0.000006605214485464791, "harassment/threatening": 0.0, "self-harm/instructions": 0.0000011843139025979655}', '2026-04-01 12:33:25.960586', 'ALLOW', false, 28, 'VIDEO_FRAME'),
        (56, '{"hate": false, "sexual": false, "illicit": false, "violence": false, "self-harm": false, "harassment": false, "sexual/minors": false, "illicit/violent": false, "hate/threatening": false, "self-harm/intent": false, "violence/graphic": false, "harassment/threatening": false, "self-harm/instructions": false}', '{"hate": 0.0, "sexual": 0.0008540336462424981, "illicit": 0.0, "violence": 0.0005935553564438082, "self-harm": 0.00001609308249869283, "harassment": 0.0, "sexual/minors": 0.0, "illicit/violent": 0.0, "hate/threatening": 0.0, "self-harm/intent": 0.00000297731143841062, "violence/graphic": 0.000020342697805520655, "harassment/threatening": 0.0, "self-harm/instructions": 0.0000011843139025979655}', '2026-04-01 12:33:25.965425', 'ALLOW', false, 28, 'VIDEO_FRAME'),
        (57, '{"hate": false, "sexual": false, "illicit": false, "violence": false, "self-harm": false, "harassment": false, "sexual/minors": false, "illicit/violent": false, "hate/threatening": false, "self-harm/intent": false, "violence/graphic": false, "harassment/threatening": false, "self-harm/instructions": false}', '{"hate": 0.0, "sexual": 0.002887025252971318, "illicit": 0.0, "violence": 0.010165718790469394, "self-harm": 0.0004660187641789279, "harassment": 0.0, "sexual/minors": 0.0, "illicit/violent": 0.0, "hate/threatening": 0.0, "self-harm/intent": 0.000005064471653194114, "violence/graphic": 0.00005193048644949271, "harassment/threatening": 0.0, "self-harm/instructions": 0.0000018342893327886845}', '2026-04-01 12:33:25.969417', 'ALLOW', false, 28, 'VIDEO_FRAME'),
        (58, '{"hate": false, "sexual": false, "illicit": false, "violence": false, "self-harm": false, "harassment": false, "sexual/minors": false, "illicit/violent": false, "hate/threatening": false, "self-harm/intent": false, "violence/graphic": false, "harassment/threatening": false, "self-harm/instructions": false}', '{"hate": 0.0, "sexual": 0.00007321812616608614, "illicit": 0.0, "violence": 0.0005056385041563992, "self-harm": 0.000010391067562761452, "harassment": 0.0, "sexual/minors": 0.0, "illicit/violent": 0.0, "hate/threatening": 0.0, "self-harm/intent": 0.0000019525885208642222, "violence/graphic": 0.000005144221374220898, "harassment/threatening": 0.0, "self-harm/instructions": 0.0000009223470110117276}', '2026-04-01 12:33:25.979735', 'ALLOW', false, 28, 'VIDEO_FRAME'),
        (59, '{"hate": false, "sexual": false, "violence": false, "self-harm": false, "harassment": false, "sexual/minors": false, "hate/threatening": false, "self-harm/intent": false, "violence/graphic": false, "harassment/threatening": false, "self-harm/instructions": false}', '{"hate": 0.00000498595821272702, "sexual": 0.0007226435938923609, "violence": 0.0005096006331304874, "self-harm": 0.000006302758756443267, "harassment": 0.00003625900662832244, "sexual/minors": 0.000012339457598623171, "hate/threatening": 0.0000001994729721527057, "self-harm/intent": 0.0000020462932829931794, "violence/graphic": 0.000005144221374220898, "harassment/threatening": 0.000004757645425657629, "self-harm/instructions": 0.0000011478768127080353}', '2026-04-01 12:36:17.830655', 'ALLOW', false, 29, 'TEXT'),
        (60, '{"hate": false, "sexual": false, "violence": false, "self-harm": false, "harassment": false, "sexual/minors": false, "hate/threatening": false, "self-harm/intent": false, "violence/graphic": false, "harassment/threatening": false, "self-harm/instructions": false}', '{"hate": 0.00012843081201339694, "sexual": 0.010327781932783636, "violence": 0.0012121048968397102, "self-harm": 0.000492738529130986, "harassment": 0.005669078048512428, "sexual/minors": 0.00005527786369235996, "hate/threatening": 0.00000461127481426412, "self-harm/intent": 0.0002202460844238597, "violence/graphic": 0.000030534893211185946, "harassment/threatening": 0.0007755777144038967, "self-harm/instructions": 0.00021348633304871885}', '2026-04-01 12:43:18.822948', 'ALLOW', false, 30, 'TEXT'),
        (61, '{"hate": false, "sexual": false, "violence": false, "self-harm": false, "harassment": false, "sexual/minors": false, "hate/threatening": false, "self-harm/intent": false, "violence/graphic": false, "harassment/threatening": false, "self-harm/instructions": false}', '{"hate": 0.00012843081201339694, "sexual": 0.002934750458319067, "violence": 0.0005312230782558095, "self-harm": 0.0004737802338585972, "harassment": 0.00517082101717143, "sexual/minors": 0.00005792916699214217, "hate/threatening": 0.00000359130106794994, "self-harm/intent": 0.0002197882226150504, "violence/graphic": 0.000007722191834067996, "harassment/threatening": 0.00003250358452365473, "self-harm/instructions": 0.00021679413511683216}', '2026-04-02 10:04:48.787353', 'ALLOW', false, 31, 'TEXT'),
        (62, '{"hate": false, "sexual": false, "violence": false, "self-harm": false, "harassment": false, "sexual/minors": false, "hate/threatening": false, "self-harm/intent": false, "violence/graphic": false, "harassment/threatening": false, "self-harm/instructions": false}', '{"hate": 0.000004757645425657629, "sexual": 0.0007226435938923609, "violence": 0.0005096006331304874, "self-harm": 0.000006205049602300744, "harassment": 0.00003353501304664781, "sexual/minors": 0.000012731104162213555, "hate/threatening": 0.0000001994729721527057, "self-harm/intent": 0.0000019833367060283617, "violence/graphic": 0.000005144221374220898, "harassment/threatening": 0.00000453978687024344, "self-harm/instructions": 0.0000011659530314852966}', '2026-04-02 10:09:20.311544', 'ALLOW', false, 32, 'TEXT');


insert into Okayji.notification (id, created_at, payload, is_read, type, user_id)
values  (1, '2026-02-23 12:50:40.935784', '{"postId": "dfad080e-bf95-48f7-bee3-c62250fd6b27", "reviewImage": "https://www.shutterstock.com/shutterstock/photos/2683925547/display_1500/stock-photo-neon-avatar-vector-style-image-of-avatar-minimalism-neon-white-on-black-mrseymon-2683925547.jpg", "reviewTitle": "Nguyễn Văn A like your post"}', false, 'LIKE_POST', '22aa50f6-f40e-40ff-aca0-03c768c5b6e9'),
        (2, '2026-02-23 13:12:25.274551', '{"postId": "ee858ada-a432-4127-a771-f2af776f3753", "reviewImage": null, "reviewTitle": "Nguyễn Văn A like your post"}', true, 'LIKE_POST', 'f5755403-ca17-467f-8471-67043d866c5e'),
        (3, '2026-02-23 13:13:03.683445', '{"postId": "3c8b72c5-8bfb-45f6-a5ae-709cb44b6ced", "reviewImage": null, "reviewTitle": "Nguyễn Văn A like your post"}', true, 'LIKE_POST', 'f5755403-ca17-467f-8471-67043d866c5e'),
        (4, '2026-02-23 13:13:05.058017', '{"postId": "6ff953e0-382a-4a2e-a405-547b4d152244", "reviewImage": null, "reviewTitle": "Nguyễn Văn A like your post"}', true, 'LIKE_POST', 'f5755403-ca17-467f-8471-67043d866c5e'),
        (5, '2026-02-23 13:13:12.092346', '{"postId": "6ff953e0-382a-4a2e-a405-547b4d152244", "commentId": "f2c501f8-0ac0-4ef1-921b-40e5e68c5f6b", "reviewImage": null, "reviewTitle": "Nguyễn Văn A comment your post"}', true, 'COMMENT_POST', 'f5755403-ca17-467f-8471-67043d866c5e'),
        (6, '2026-02-23 13:28:40.215138', '{"postId": "40e5b1a6-9ce8-4db6-be78-88bb0947ec85", "reviewTitle": "Nguyễn Văn A like your post"}', true, 'LIKE_POST', 'f5755403-ca17-467f-8471-67043d866c5e'),
        (7, '2026-02-23 13:28:41.571734', '{"postId": "f8f31d39-e448-4342-bdcd-6bcfc158e132", "reviewTitle": "Nguyễn Văn A like your post"}', true, 'LIKE_POST', 'f5755403-ca17-467f-8471-67043d866c5e'),
        (8, '2026-02-23 13:28:42.508874', '{"postId": "ab033d2f-f978-42a1-aeba-07e8d460ea46", "reviewTitle": "Nguyễn Văn A like your post"}', true, 'LIKE_POST', 'f5755403-ca17-467f-8471-67043d866c5e'),
        (9, '2026-02-23 13:30:56.398066', '{"requestId": "7cec1b8d-cf1b-4831-861b-588ba7d3f272", "requesterId": "f5755403-ca17-467f-8471-67043d866c5e", "reviewTitle": "Nguyễn Thị Bảnh send you a friend request"}', false, 'FRIEND_REQUEST', '22aa50f6-f40e-40ff-aca0-03c768c5b6e9'),
        (10, '2026-02-23 13:32:26.893715', '{"requestId": "fc985a9c-abeb-45cb-84db-baa713642d14", "requesterId": "f5755403-ca17-467f-8471-67043d866c5e", "reviewTitle": "Nguyễn Thị Bảnh send you a friend request"}', false, 'FRIEND_REQUEST', '22aa50f6-f40e-40ff-aca0-03c768c5b6e9'),
        (11, '2026-02-23 13:36:34.396536', '{"requestId": "680f5136-deee-4e81-8dc2-59ffc075e1b9", "requesterId": "f5755403-ca17-467f-8471-67043d866c5e", "reviewTitle": "Nguyễn Thị Bảnh send you a friend request"}', true, 'FRIEND_REQUEST', '1cd92e81-d8bc-492f-8cd7-cdda974cd346'),
        (12, '2026-02-23 13:36:51.416861', '{"requestId": "001b9f12-4e7a-4f49-9308-646379cb88d0", "requesterId": "f5755403-ca17-467f-8471-67043d866c5e", "reviewTitle": "Nguyễn Thị Bảnh send you a friend request"}', true, 'FRIEND_REQUEST', '1cd92e81-d8bc-492f-8cd7-cdda974cd346'),
        (13, '2026-02-23 13:37:03.683869', '{"friendId": "1cd92e81-d8bc-492f-8cd7-cdda974cd346", "reviewTitle": "Nguyễn Văn A and you is friend now"}', true, 'NEW_FRIEND', 'f5755403-ca17-467f-8471-67043d866c5e'),
        (14, '2026-02-23 13:43:45.009454', '{"requestId": "f23f02a3-8139-46e9-b1e6-e7bc0509eea8", "requesterId": "f5755403-ca17-467f-8471-67043d866c5e", "reviewTitle": "Nguyễn Thị Bảnh send you a friend request"}', true, 'FRIEND_REQUEST', '1cd92e81-d8bc-492f-8cd7-cdda974cd346'),
        (15, '2026-02-23 13:44:41.500128', '{"friendId": "1cd92e81-d8bc-492f-8cd7-cdda974cd346", "reviewTitle": "Nguyễn Văn A and you is friend now"}', true, 'NEW_FRIEND', 'f5755403-ca17-467f-8471-67043d866c5e'),
        (16, '2026-02-23 13:47:24.867452', '{"requestId": "e36f1cfd-d29f-4c01-8a23-45a769ac04d8", "requesterId": "1cd92e81-d8bc-492f-8cd7-cdda974cd346", "reviewTitle": "Nguyễn Văn A send you a friend request"}', true, 'FRIEND_REQUEST', 'f5755403-ca17-467f-8471-67043d866c5e'),
        (17, '2026-02-23 13:47:30.856139', '{"friendId": "f5755403-ca17-467f-8471-67043d866c5e", "reviewTitle": "Nguyễn Thị Bảnh and you is friend now"}', true, 'NEW_FRIEND', '1cd92e81-d8bc-492f-8cd7-cdda974cd346'),
        (18, '2026-02-23 13:49:50.893802', '{"postId": "d6e4645d-963c-45d1-bf29-c6e12ea523cd", "reviewTitle": "Nguyễn Thị Bảnh like your post"}', true, 'LIKE_POST', '1cd92e81-d8bc-492f-8cd7-cdda974cd346'),
        (19, '2026-02-23 13:56:29.441760', '{"postId": "ab033d2f-f978-42a1-aeba-07e8d460ea46", "commentId": "97c8080c-e7a1-4250-af2a-145a3951f49e", "reviewTitle": "Nguyễn Văn A comment your post"}', true, 'COMMENT_POST', 'f5755403-ca17-467f-8471-67043d866c5e'),
        (20, '2026-02-24 07:16:37.191113', '{"requestId": "3a121533-8c33-48b3-8e11-9808c1ae1124", "requesterId": "f5755403-ca17-467f-8471-67043d866c5e", "reviewTitle": "Nguyễn Thị Bảnh send you a friend request"}', true, 'FRIEND_REQUEST', '9f4f74c0-6f6c-4120-8f29-31a2f59d6de5'),
        (21, '2026-03-02 14:20:26.844689', '{"friendId": "9f4f74c0-6f6c-4120-8f29-31a2f59d6de5", "reviewTitle": "Deanna Turner Jr. and you is friend now"}', true, 'NEW_FRIEND', 'f5755403-ca17-467f-8471-67043d866c5e'),
        (22, '2026-03-02 14:21:20.147951', '{"requestId": "bbf2eb7e-d90f-4190-a555-4f1889a3c406", "requesterId": "9447a235-f6b6-4de2-b6e7-326e87cf6248", "reviewTitle": "Tran Trieu Duong send you a friend request"}', true, 'FRIEND_REQUEST', 'f5755403-ca17-467f-8471-67043d866c5e'),
        (23, '2026-03-02 14:23:59.255804', '{"friendId": "f5755403-ca17-467f-8471-67043d866c5e", "reviewTitle": "Nguyễn Thị Bảnh and you is friend now"}', true, 'NEW_FRIEND', '9447a235-f6b6-4de2-b6e7-326e87cf6248'),
        (24, '2026-03-02 14:36:22.354189', '{"requestId": "cdc4ebc8-ff6d-4142-b4c5-b5cfc094f701", "requesterId": "f5755403-ca17-467f-8471-67043d866c5e", "reviewTitle": "Nguyễn Thị Bảnh send you a friend request"}', false, 'FRIEND_REQUEST', '3a9e5a24-df86-4e74-8a87-2da5417d766b'),
        (25, '2026-03-02 14:57:43.805381', '{"postId": "7678bdce-2fc1-478d-8b50-024e510db216", "reviewTitle": "Nguyễn Thị Bảnh like your post"}', true, 'LIKE_POST', '9447a235-f6b6-4de2-b6e7-326e87cf6248'),
        (26, '2026-03-02 14:58:01.043763', '{"postId": "43a97bce-809e-4a32-b36c-39269b0b11ed", "commentId": "87aaffa3-f0ef-49e4-b0a2-11a1cd2bf7ad", "reviewTitle": "Nguyễn Thị Bảnh comment your post"}', true, 'COMMENT_POST', '9f4f74c0-6f6c-4120-8f29-31a2f59d6de5'),
        (27, '2026-03-05 14:13:37.099547', '{"postId": "43a97bce-809e-4a32-b36c-39269b0b11ed", "commentId": "e59aa6b3-56fb-4713-83b2-754155d021ba", "reviewTitle": "Nguyễn Thị Bảnh comment your post"}', true, 'COMMENT_POST', '9f4f74c0-6f6c-4120-8f29-31a2f59d6de5'),
        (28, '2026-03-08 13:12:05.352351', '{"postId": "43a97bce-809e-4a32-b36c-39269b0b11ed", "reviewTitle": "Nguyễn Thị Bảnh like your post"}', true, 'LIKE_POST', '9f4f74c0-6f6c-4120-8f29-31a2f59d6de5'),
        (29, '2026-03-08 13:12:06.833309', '{"postId": "f43d5811-0a1f-4cec-ae96-9cdf6bb9b3a8", "reviewTitle": "Nguyễn Thị Bảnh like your post"}', true, 'LIKE_POST', '9f4f74c0-6f6c-4120-8f29-31a2f59d6de5'),
        (30, '2026-03-08 14:29:01.430592', '{"postId": "7678bdce-2fc1-478d-8b50-024e510db216", "commentId": "1d4651cf-bf20-4ef6-ba2c-246fca8a2d27", "reviewTitle": "Nguyễn Thị Bảnh comment your post"}', true, 'COMMENT_POST', '9447a235-f6b6-4de2-b6e7-326e87cf6248'),
        (31, '2026-03-08 14:29:04.176231', '{"targetId": "7678bdce-2fc1-478d-8b50-024e510db216", "reviewTitle": "Your comment violated our policy and has been deleted"}', true, 'SYSTEM_ANNOUNCEMENT', 'f5755403-ca17-467f-8471-67043d866c5e'),
        (32, '2026-03-08 14:35:09.032890', '{"targetId": "2b581f03-56d7-4106-89b3-23d6e2fb0c3e", "reviewTitle": "Your post violated our policy and has been under review by admin."}', true, 'SYSTEM_ANNOUNCEMENT', 'f5755403-ca17-467f-8471-67043d866c5e'),
        (33, '2026-03-08 14:56:15.625887', '{"targetId": "6fb081e9-0e6b-4d85-9173-e4e4373f7ae4", "reviewTitle": "Your post violated our policy and has been REJECTED"}', true, 'SYSTEM_ANNOUNCEMENT', 'f5755403-ca17-467f-8471-67043d866c5e'),
        (34, '2026-03-08 14:57:35.868232', '{"targetId": "b3131381-4fcd-4fb6-85b9-602bb88c19f2", "reviewTitle": "Your post violated our policy and has been REJECTED"}', true, 'SYSTEM_ANNOUNCEMENT', 'f5755403-ca17-467f-8471-67043d866c5e'),
        (35, '2026-03-10 14:11:18.705399', '{"postId": "8229f116-8d37-4dda-b22d-ad8f42d2a658", "reviewTitle": "Deanna Turner Jr. like your post"}', true, 'LIKE_POST', 'f5755403-ca17-467f-8471-67043d866c5e'),
        (36, '2026-03-10 14:11:44.186094', '{"postId": "8229f116-8d37-4dda-b22d-ad8f42d2a658", "reviewTitle": "Nguyễn Văn A like your post"}', true, 'LIKE_POST', 'f5755403-ca17-467f-8471-67043d866c5e'),
        (37, '2026-03-11 10:52:27.178283', '{"targetId": "cea17014-fc56-4f01-bc2b-18540aab1b2a", "reviewTitle": "Your post violated our policy and has been under review by admin."}', false, 'SYSTEM_ANNOUNCEMENT', '22aa50f6-f40e-40ff-aca0-03c768c5b6e9'),
        (38, '2026-03-11 10:56:52.362967', '{"targetId": "f8f64283-1a64-430f-9aa0-d7b992eaaa0d", "reviewTitle": "Your post violated our policy and has been rejected"}', true, 'SYSTEM_ANNOUNCEMENT', '9f4f74c0-6f6c-4120-8f29-31a2f59d6de5'),
        (39, '2026-03-11 10:58:04.770565', '{"targetId": "f8f64283-1a64-430f-9aa0-d7b992eaaa0d", "reviewTitle": "Your post violated our policy and has been rejected"}', true, 'SYSTEM_ANNOUNCEMENT', '9f4f74c0-6f6c-4120-8f29-31a2f59d6de5'),
        (40, '2026-03-11 11:00:19.198819', '{"targetId": "f8f64283-1a64-430f-9aa0-d7b992eaaa0d", "reviewTitle": "Your post violated our policy and has been rejected"}', true, 'SYSTEM_ANNOUNCEMENT', '9f4f74c0-6f6c-4120-8f29-31a2f59d6de5'),
        (41, '2026-03-23 09:22:29.447687', '{"postId": "3c8b72c5-8bfb-45f6-a5ae-709cb44b6ced", "reviewTitle": "Deanna Turner Jr. like your post"}', true, 'LIKE_POST', 'f5755403-ca17-467f-8471-67043d866c5e'),
        (42, '2026-04-01 02:07:10.679986', '{"postId": "b3131381-4fcd-4fb6-85b9-602bb88c19f2", "reviewTitle": "Nguyễn Thị Bảnh like your post"}', true, 'LIKE_POST', 'f5755403-ca17-467f-8471-67043d866c5e'),
        (43, '2026-04-01 02:11:16.647950', '{"postId": "4cbb14bc-0676-4c3e-b47a-a22c71226ac6", "reviewTitle": "Nguyễn Thị Bảnh like your post"}', false, 'LIKE_POST', '9f4f74c0-6f6c-4120-8f29-31a2f59d6de5'),
        (44, '2026-04-01 02:18:53.481346', '{"postId": "4cbb14bc-0676-4c3e-b47a-a22c71226ac6", "reviewTitle": "Nguyễn Thị Bảnh like your post"}', false, 'LIKE_POST', '9f4f74c0-6f6c-4120-8f29-31a2f59d6de5'),
        (45, '2026-04-01 02:28:04.620214', '{"postId": "8229f116-8d37-4dda-b22d-ad8f42d2a658", "reviewTitle": "Nguyễn Văn A like your post"}', true, 'LIKE_POST', 'f5755403-ca17-467f-8471-67043d866c5e'),
        (46, '2026-04-01 02:28:14.350177', '{"postId": "8229f116-8d37-4dda-b22d-ad8f42d2a658", "commentId": "3d19d04f-500f-40a9-a9a9-7dac2ea31e4d", "reviewTitle": "Nguyễn Văn A comment your post"}', true, 'COMMENT_POST', 'f5755403-ca17-467f-8471-67043d866c5e'),
        (47, '2026-04-01 02:28:31.404163', '{"postId": "de20dead-3a26-41a2-aff9-f64384831714", "commentId": "eeb1b25e-ab9a-4f0e-8b25-e736b5e15ae4", "reviewTitle": "Nguyễn Thị Bảnh comment your post"}', true, 'COMMENT_POST', '1cd92e81-d8bc-492f-8cd7-cdda974cd346'),
        (48, '2026-04-01 02:32:50.304813', '{"postId": "4cbb14bc-0676-4c3e-b47a-a22c71226ac6", "reviewTitle": "Nguyễn Thị Bảnh like your post"}', false, 'LIKE_POST', '9f4f74c0-6f6c-4120-8f29-31a2f59d6de5'),
        (49, '2026-04-01 08:49:28.831347', '{"postId": "13dc3c47-6551-4162-9b8b-17f71cbb9a7d", "reviewTitle": "Nguyễn Thị Bảnh like your post"}', true, 'LIKE_POST', '1cd92e81-d8bc-492f-8cd7-cdda974cd346'),
        (50, '2026-04-01 09:08:00.865299', '{"postId": "77da37c8-bf8e-4971-9882-bb69639ceb3f", "reviewTitle": "Nguyễn Thị Bảnh like your post"}', true, 'LIKE_POST', 'f5755403-ca17-467f-8471-67043d866c5e'),
        (51, '2026-04-01 12:33:54.588919', '{"postId": "ae534634-2c75-4dac-9291-d3e617e6edbf", "reviewTitle": "Nguyễn Thị Bảnh like your post"}', true, 'LIKE_POST', 'f5755403-ca17-467f-8471-67043d866c5e'),
        (52, '2026-04-01 12:33:55.710471', '{"postId": "3837dd23-9b08-4519-9aa5-a70a1bb30d5f", "reviewTitle": "Nguyễn Thị Bảnh like your post"}', true, 'LIKE_POST', 'f5755403-ca17-467f-8471-67043d866c5e'),
        (53, '2026-04-01 12:41:55.922701', '{"requestId": "3050f9b0-893e-445a-9ac8-88c921fc8b97", "requesterId": "f5755403-ca17-467f-8471-67043d866c5e", "reviewTitle": "Nguyễn Thị Bảnh send you a friend request"}', false, 'FRIEND_REQUEST', '9f4f74c0-6f6c-4120-8f29-31a2f59d6de5'),
        (54, '2026-04-01 12:42:00.040296', '{"requestId": "17e1614f-ca81-4378-96f3-04e49f13c02c", "requesterId": "f5755403-ca17-467f-8471-67043d866c5e", "reviewTitle": "Nguyễn Thị Bảnh send you a friend request"}', false, 'FRIEND_REQUEST', '9f4f74c0-6f6c-4120-8f29-31a2f59d6de5'),
        (55, '2026-04-01 13:11:25.711065', '{"postId": "ae534634-2c75-4dac-9291-d3e617e6edbf", "reviewTitle": "Nguyễn Văn A like your post"}', true, 'LIKE_POST', 'f5755403-ca17-467f-8471-67043d866c5e'),
        (56, '2026-04-01 13:12:57.258923', '{"postId": "ae534634-2c75-4dac-9291-d3e617e6edbf", "reviewTitle": "Nguyễn Văn A like your post"}', true, 'LIKE_POST', 'f5755403-ca17-467f-8471-67043d866c5e'),
        (57, '2026-04-01 13:12:59.281693', '{"postId": "3837dd23-9b08-4519-9aa5-a70a1bb30d5f", "reviewTitle": "Nguyễn Văn A like your post"}', true, 'LIKE_POST', 'f5755403-ca17-467f-8471-67043d866c5e'),
        (58, '2026-04-01 13:13:06.514298', '{"postId": "77da37c8-bf8e-4971-9882-bb69639ceb3f", "reviewTitle": "Nguyễn Văn A like your post"}', true, 'LIKE_POST', 'f5755403-ca17-467f-8471-67043d866c5e'),
        (59, '2026-04-01 13:13:08.847145', '{"postId": "f8e42be1-4d40-4a94-8e0b-1d471d3f0001", "reviewTitle": "Nguyễn Văn A like your post"}', true, 'LIKE_POST', 'f5755403-ca17-467f-8471-67043d866c5e'),
        (60, '2026-04-02 10:09:03.652113', '{"postId": "99b379b6-9f1c-4413-83c2-10bf4604cb96", "reviewTitle": "Nguyễn Thị Bảnh like your post"}', false, 'LIKE_POST', '1cd92e81-d8bc-492f-8cd7-cdda974cd346'),
        (61, '2026-04-02 10:09:06.079734', '{"postId": "99b379b6-9f1c-4413-83c2-10bf4604cb96", "reviewTitle": "Nguyễn Thị Bảnh like your post"}', false, 'LIKE_POST', '1cd92e81-d8bc-492f-8cd7-cdda974cd346'),
        (62, '2026-04-02 10:09:14.757552', '{"postId": "99b379b6-9f1c-4413-83c2-10bf4604cb96", "commentId": "0499db09-d1bc-4b87-9e27-435b9255ccd3", "reviewTitle": "Nguyễn Thị Bảnh comment your post"}', false, 'COMMENT_POST', '1cd92e81-d8bc-492f-8cd7-cdda974cd346'),
        (63, '2026-04-02 10:36:39.007957', '{"postId": "99b379b6-9f1c-4413-83c2-10bf4604cb96", "reviewTitle": "Nguyễn Thị Bảnh like your post"}', false, 'LIKE_POST', '1cd92e81-d8bc-492f-8cd7-cdda974cd346');

insert into Okayji.post_media (id, media_url, type, post_id)
values  (1, 'https://okayji.s3.ap-southeast-1.amazonaws.com/images/2026-02-15/4a952204-62e3-4850-adb6-225839a44738.png', 'IMAGE', 'ab033d2f-f978-42a1-aeba-07e8d460ea46'),
        (2, 'https://okayji.s3.ap-southeast-1.amazonaws.com/images/2026-02-15/0a688890-14bf-4d1b-a98d-3a0915acbe2f.png', 'IMAGE', 'ab033d2f-f978-42a1-aeba-07e8d460ea46'),
        (3, 'https://okayji.s3.ap-southeast-1.amazonaws.com/images/2026-02-15/ae55aa4a-d05f-426d-bd1a-8c9739b62618.png', 'IMAGE', 'ab033d2f-f978-42a1-aeba-07e8d460ea46'),
        (4, 'https://okayji.s3.ap-southeast-1.amazonaws.com/images/2026-02-15/7293b579-9eea-4ef2-8981-480240618a6c.png', 'IMAGE', 'f8f31d39-e448-4342-bdcd-6bcfc158e132'),
        (5, 'https://okayji.s3.ap-southeast-1.amazonaws.com/images/2026-02-15/cd7267ac-b026-480f-9db0-6825c3282857.png', 'IMAGE', '40e5b1a6-9ce8-4db6-be78-88bb0947ec85'),
        (6, 'https://okayji.s3.ap-southeast-1.amazonaws.com/images/2026-02-15/8117f2e0-832c-43dd-bec9-5a6a9d56d82f.png', 'IMAGE', '6ff953e0-382a-4a2e-a405-547b4d152244'),
        (7, 'https://okayji.s3.ap-southeast-1.amazonaws.com/images/2026-02-15/032a9c7a-d6a7-46ee-adf0-90a2909f0b4c.png', 'IMAGE', '3c8b72c5-8bfb-45f6-a5ae-709cb44b6ced'),
        (8, 'https://okayji.s3.ap-southeast-1.amazonaws.com/videos/2026-02-15/9dfb26c3-e8e8-47d7-971e-9c339619f8ad.mp4', 'VIDEO', '6c6767fd-ad4e-459d-a5c2-de853e0131f2'),
        (18, 'https://okayji.s3.ap-southeast-1.amazonaws.com/images/2026-03-06/82489c9a-bb6e-4444-8016-8f26edd70341.png', 'IMAGE', '8229f116-8d37-4dda-b22d-ad8f42d2a658'),
        (22, 'https://okayji.s3.ap-southeast-1.amazonaws.com/videos/2026-04-01/781ce0d6-55c3-4ec7-acc9-e2a16ab1d790.mp4', 'VIDEO', 'ae534634-2c75-4dac-9291-d3e617e6edbf');

insert into Okayji.post (id, content, user_id, created_at, status)
values  ('042dea97-a22e-4ba4-92e2-9d0126aada06', 'voluptas qui qui', '22aa50f6-f40e-40ff-aca0-03c768c5b6e9', '2026-03-11 10:45:05.653688', 'PUBLISHED'),
        ('0d58ac4d-9373-40e6-af16-54e13470b411', 'Accusantium libero quod aspernatur placeat.', '22aa50f6-f40e-40ff-aca0-03c768c5b6e9', '2026-02-15 09:52:54.902302', 'PUBLISHED'),
        ('0de7d68f-f313-42d0-aa27-94976a5f83e2', 'Est et amet.', 'f5755403-ca17-467f-8471-67043d866c5e', '2026-04-01 04:28:33.474746', 'PUBLISHED'),
        ('100f1f23-575b-445c-ab4b-0c3715d4b96e', 'doloremque nihil recusandae', '1cd92e81-d8bc-492f-8cd7-cdda974cd346', '2026-02-02 11:32:36.888954', 'PUBLISHED'),
        ('13dc3c47-6551-4162-9b8b-17f71cbb9a7d', 'mamamaa', '1cd92e81-d8bc-492f-8cd7-cdda974cd346', '2026-04-01 02:28:47.946446', 'PUBLISHED'),
        ('1f9b1a38-adad-4d10-9994-355d362f1986', 'na na na anh Độ Mixi', '22aa50f6-f40e-40ff-aca0-03c768c5b6e9', '2026-04-02 10:04:45.450415', 'PUBLISHED'),
        ('24bf2489-8ede-435b-a415-b71e4e72fdb0', 'blanditiis et cumque', '22aa50f6-f40e-40ff-aca0-03c768c5b6e9', '2026-02-15 09:55:24.208027', 'PUBLISHED'),
        ('2794ea3e-a5c9-46f6-b122-2afdb6e46242', 'Chào ngày mới', '1cd92e81-d8bc-492f-8cd7-cdda974cd346', '2026-02-01 10:39:33.897591', 'PUBLISHED'),
        ('2c935b9f-07ed-4d9f-9a58-16438a685a66', 'Et ut totam.', '1cd92e81-d8bc-492f-8cd7-cdda974cd346', '2026-02-02 11:31:51.970682', 'PUBLISHED'),
        ('30e2ba46-5af6-49fd-9ae3-a03687d7965e', 'ea', '1cd92e81-d8bc-492f-8cd7-cdda974cd346', '2026-02-02 11:31:50.827328', 'PUBLISHED'),
        ('33a3f0e2-e502-4fdf-bbdb-d9ded17949ce', 'mollitia', '1cd92e81-d8bc-492f-8cd7-cdda974cd346', '2026-02-02 11:31:57.484500', 'PUBLISHED'),
        ('3683a094-83f6-484f-8be2-f46205f66e52', 'ullam aut voluptates', '22aa50f6-f40e-40ff-aca0-03c768c5b6e9', '2026-02-15 09:54:17.906404', 'PUBLISHED'),
        ('3837dd23-9b08-4519-9aa5-a70a1bb30d5f', 'hiihi', 'f5755403-ca17-467f-8471-67043d866c5e', '2026-04-01 12:30:43.998564', 'PUBLISHED'),
        ('39278cba-b312-458e-9ffb-eab125417d47', 'Error eum sint totam sapiente. Excepturi alias explicabo magni ad omnis explicabo tempore non nam. Cumque neque earum illo quae numquam iusto enim. Saepe nihil nostrum nihil voluptatem nisi in.', 'f5755403-ca17-467f-8471-67043d866c5e', '2026-04-01 07:26:12.692605', 'PUBLISHED'),
        ('3978be26-ee5c-4920-a339-534b3bc1e8c2', 'Dolore dolore repudiandae aut et nulla error sint impedit odio.', '22aa50f6-f40e-40ff-aca0-03c768c5b6e9', '2026-02-15 09:48:42.431292', 'PUBLISHED'),
        ('3c8b72c5-8bfb-45f6-a5ae-709cb44b6ced', 'test5', 'f5755403-ca17-467f-8471-67043d866c5e', '2026-02-15 09:21:14.614764', 'PUBLISHED'),
        ('3cb5c97a-0c46-41e8-babb-d24e78ab6696', 'Quaerat illum odio enim quia.', 'f5755403-ca17-467f-8471-67043d866c5e', '2026-04-01 07:26:21.889454', 'PUBLISHED'),
        ('40e5b1a6-9ce8-4db6-be78-88bb0947ec85', 'test3', 'f5755403-ca17-467f-8471-67043d866c5e', '2026-02-15 09:10:53.279150', 'PUBLISHED'),
        ('42f32cc1-6eaa-4550-a14a-a99c507ac4af', 'quis provident ab', '1cd92e81-d8bc-492f-8cd7-cdda974cd346', '2026-02-02 11:31:46.801683', 'PUBLISHED'),
        ('43a97bce-809e-4a32-b36c-39269b0b11ed', 'Do you remember me?', '9f4f74c0-6f6c-4120-8f29-31a2f59d6de5', '2026-03-02 14:20:47.589241', 'PUBLISHED'),
        ('4cbb14bc-0676-4c3e-b47a-a22c71226ac6', 'consequatur', '9f4f74c0-6f6c-4120-8f29-31a2f59d6de5', '2026-03-25 00:59:22.005341', 'PUBLISHED'),
        ('4cc7abfa-b9a0-4d61-baf2-4d4780c60ce2', 'occaecati', 'f5755403-ca17-467f-8471-67043d866c5e', '2026-04-01 07:09:12.217220', 'PUBLISHED'),
        ('504388a7-82e2-4f3f-921c-ae6a66fa024a', 'Hello world', '1cd92e81-d8bc-492f-8cd7-cdda974cd346', '2026-02-01 10:46:40.081429', 'PUBLISHED'),
        ('55960980-2e82-4bcf-ba93-fc1ebbd0a380', 'Voluptatum sit et tempora culpa id laudantium. Quasi voluptatibus non pariatur consequatur molestiae necessitatibus illum voluptatem. Nihil cumque sequi quo beatae iure et ut corporis.', 'f5755403-ca17-467f-8471-67043d866c5e', '2026-04-01 07:26:28.923097', 'PUBLISHED'),
        ('56697bd7-285b-45c3-a389-7e6dff941da2', 'Nihil aut perferendis ullam.', '1cd92e81-d8bc-492f-8cd7-cdda974cd346', '2026-02-02 11:31:49.269001', 'PUBLISHED'),
        ('6479fbe3-3de4-4082-b42c-f0c517209fb1', 'Aspernatur ullam qui voluptatum porro. Necessitatibus voluptatibus quae in. Possimus cumque consequuntur enim molestiae a. Nihil officia qui est eos tempore voluptatibus. Sit ut error ipsa. Quia vitae ex qui eaque laborum totam in.', 'f5755403-ca17-467f-8471-67043d866c5e', '2026-04-01 07:26:22.913226', 'PUBLISHED'),
        ('6c6767fd-ad4e-459d-a5c2-de853e0131f2', 'haha', '22aa50f6-f40e-40ff-aca0-03c768c5b6e9', '2026-02-15 10:10:14.097165', 'PUBLISHED'),
        ('6ff953e0-382a-4a2e-a405-547b4d152244', 'test4', 'f5755403-ca17-467f-8471-67043d866c5e', '2026-02-15 09:16:42.044245', 'PUBLISHED'),
        ('74bfec56-dfff-475a-a073-dd80f54f42bd', 'Consequatur nulla quis error deserunt et repellendus nobis vel iure. Consequatur ab repellendus et cum ullam doloremque molestias provident. Sit porro sit est. Architecto accusantium sit quis natus qui est et non distinctio. Itaque nam iste.', '1cd92e81-d8bc-492f-8cd7-cdda974cd346', '2026-02-02 11:30:11.927705', 'PUBLISHED'),
        ('7678bdce-2fc1-478d-8b50-024e510db216', 'Hi', '9447a235-f6b6-4de2-b6e7-326e87cf6248', '2026-03-02 14:21:26.888223', 'PUBLISHED'),
        ('77da37c8-bf8e-4971-9882-bb69639ceb3f', 'vel', 'f5755403-ca17-467f-8471-67043d866c5e', '2026-04-01 08:01:19.347292', 'PUBLISHED'),
        ('7d0f9876-7f96-4b09-8111-2d5d61323743', 'Dolore aut reiciendis enim repudiandae iure atque molestias sit. Molestias quisquam qui rerum dolores et harum natus. Soluta mollitia dolorem dolor accusamus. Ut ea voluptatibus necessitatibus hic suscipit. Voluptatem sit magni praesentium eos.', '22aa50f6-f40e-40ff-aca0-03c768c5b6e9', '2026-02-15 09:37:31.120697', 'PUBLISHED'),
        ('807430c2-2650-4d91-8a93-cc549808d1bf', 'quae doloribus quo', 'f5755403-ca17-467f-8471-67043d866c5e', '2026-04-01 07:26:18.617561', 'PUBLISHED'),
        ('81bc61d3-5702-45d1-ab00-ad733ef96303', 'Voluptatum qui est soluta qui fugiat nam tenetur ipsam.', '1cd92e81-d8bc-492f-8cd7-cdda974cd346', '2026-02-02 11:32:05.454752', 'PUBLISHED'),
        ('8229f116-8d37-4dda-b22d-ad8f42d2a658', 'haha', 'f5755403-ca17-467f-8471-67043d866c5e', '2026-03-06 12:44:07.891008', 'PUBLISHED'),
        ('896886f9-21e1-4f91-a1cd-1d2f11c922dd', 'vitae eos velit', '22aa50f6-f40e-40ff-aca0-03c768c5b6e9', '2026-02-15 09:38:46.289871', 'PUBLISHED'),
        ('8aa82184-a4f8-4d88-a0d7-b784dfe16c7e', 'expedita perferendis accusamus', '22aa50f6-f40e-40ff-aca0-03c768c5b6e9', '2026-02-15 10:02:24.343349', 'PUBLISHED'),
        ('8d0c25fe-6c34-4776-b81d-cea6d5024069', 'nihil doloremque eligendi', '1cd92e81-d8bc-492f-8cd7-cdda974cd346', '2026-02-02 11:31:55.067199', 'PUBLISHED'),
        ('99b379b6-9f1c-4413-83c2-10bf4604cb96', 'Eligendi eos qui.', '1cd92e81-d8bc-492f-8cd7-cdda974cd346', '2026-02-02 11:31:58.485852', 'PUBLISHED'),
        ('9a76b809-d786-4487-96d5-2f1c66600cfe', 'earum non qui', 'f5755403-ca17-467f-8471-67043d866c5e', '2026-04-01 07:26:25.425645', 'PUBLISHED'),
        ('9b83ec4f-fd37-43fc-8676-9b576acef15e', 'Ut debitis ipsum sit. Consequatur quia mollitia porro. Aliquid ratione eligendi sint commodi voluptatem. Error ipsum accusantium dolor beatae corrupti aut incidunt dignissimos nesciunt.', 'f5755403-ca17-467f-8471-67043d866c5e', '2026-04-01 07:22:26.100449', 'PUBLISHED'),
        ('a6102638-5b22-42e4-82d0-bc9313d839f4', 'voluptatem et odit', '22aa50f6-f40e-40ff-aca0-03c768c5b6e9', '2026-02-15 09:40:09.341580', 'PUBLISHED'),
        ('ab033d2f-f978-42a1-aeba-07e8d460ea46', 'test', 'f5755403-ca17-467f-8471-67043d866c5e', '2026-02-15 09:00:37.953728', 'PUBLISHED'),
        ('ac6a0ae2-97f9-4973-a2d4-6f51fcf489d1', 'Accusantium et consequatur sunt ut.', '22aa50f6-f40e-40ff-aca0-03c768c5b6e9', '2026-02-15 09:53:01.782936', 'PUBLISHED'),
        ('ae534634-2c75-4dac-9291-d3e617e6edbf', 'blabla  aaaa', 'f5755403-ca17-467f-8471-67043d866c5e', '2026-04-01 12:31:22.234410', 'PUBLISHED'),
        ('b130328f-8258-4ada-9541-c6146e0a6788', 'Doloribus perferendis ut ullam harum et eius ut est expedita.', '1cd92e81-d8bc-492f-8cd7-cdda974cd346', '2026-02-02 11:32:06.876191', 'PUBLISHED'),
        ('b3131381-4fcd-4fb6-85b9-602bb88c19f2', 'Fuck all your mothers', 'f5755403-ca17-467f-8471-67043d866c5e', '2026-03-08 14:57:32.907495', 'REJECTED'),
        ('bb5ab683-b9bf-4c06-aa0d-5fe525fdc0e1', 'eaque', 'f5755403-ca17-467f-8471-67043d866c5e', '2026-04-01 07:26:20.859100', 'PUBLISHED'),
        ('be496385-6a09-402a-b9cc-a8b4ebdf40ed', 'Ullam consequatur dolores voluptatum dignissimos. Quis beatae aut rerum ab soluta qui sint.', 'f5755403-ca17-467f-8471-67043d866c5e', '2026-04-01 07:26:15.288870', 'PUBLISHED'),
        ('c167e842-8396-4922-97df-2c10059bf3f6', 'veniam ea eaque', 'f5755403-ca17-467f-8471-67043d866c5e', '2026-04-01 07:26:11.556982', 'PUBLISHED'),
        ('c834cd13-1eab-4c90-abb6-efd63742b37f', '53221388', '1cd92e81-d8bc-492f-8cd7-cdda974cd346', '2026-02-02 11:30:57.988770', 'PUBLISHED'),
        ('cc663bdc-e92c-4a77-a6e9-44dada986517', 'Eveniet recusandae qui. Eveniet voluptatum quia. Dicta minus provident. Vero voluptas id officia.', '1cd92e81-d8bc-492f-8cd7-cdda974cd346', '2026-02-02 11:31:56.495903', 'PUBLISHED'),
        ('cea17014-fc56-4f01-bc2b-18540aab1b2a', 'fuck all the world', '22aa50f6-f40e-40ff-aca0-03c768c5b6e9', '2026-03-11 10:52:03.733251', 'PUBLISHED'),
        ('d2b4be1c-d7de-4c62-a9b4-48207a93c543', 'Quia impedit nulla corporis dolorem optio illum vero sit aliquam. Magni quam qui modi ullam inventore quia. Sit reiciendis vel dicta. Et vel molestias necessitatibus est quis reprehenderit. Sed autem sed maiores consectetur rerum et dolorum.', '1cd92e81-d8bc-492f-8cd7-cdda974cd346', '2026-02-02 11:31:59.494409', 'PUBLISHED'),
        ('d480b85b-7bf3-46f5-8f22-90aa5ddcd777', 'sint assumenda aut', '22aa50f6-f40e-40ff-aca0-03c768c5b6e9', '2026-02-15 09:52:58.796395', 'PUBLISHED'),
        ('d6e4645d-963c-45d1-bf29-c6e12ea523cd', 'itaque', '1cd92e81-d8bc-492f-8cd7-cdda974cd346', '2026-02-02 11:32:00.756027', 'PUBLISHED'),
        ('dac26a0a-5c52-4f29-ac72-eeaf36ec3fc6', 'Cum distinctio adipisci natus et natus et ea.', '22aa50f6-f40e-40ff-aca0-03c768c5b6e9', '2026-02-15 09:46:00.956495', 'PUBLISHED'),
        ('de20dead-3a26-41a2-aff9-f64384831714', 'eius labore explicabo 123', '1cd92e81-d8bc-492f-8cd7-cdda974cd346', '2026-02-02 11:32:41.273547', 'PUBLISHED'),
        ('dfad080e-bf95-48f7-bee3-c62250fd6b27', 'et', '22aa50f6-f40e-40ff-aca0-03c768c5b6e9', '2026-02-15 09:44:23.809409', 'PUBLISHED'),
        ('e018c2c3-25db-471e-b9ab-634869b92275', 'Vero iste sit dolorem minus repudiandae. Occaecati provident eos modi qui rerum quo sed. Dolores ut commodi quidem ipsam recusandae. Sed aut laudantium repellendus unde ad impedit quod itaque. Tempora aspernatur porro non ratione illum quia.', '22aa50f6-f40e-40ff-aca0-03c768c5b6e9', '2026-02-15 09:54:12.799090', 'PUBLISHED'),
        ('e2ebaa43-b9e3-4fce-a56e-f25891bc2f90', 'a', '1cd92e81-d8bc-492f-8cd7-cdda974cd346', '2026-02-02 11:30:15.855352', 'PUBLISHED'),
        ('e4e9afad-01ac-4f36-8a70-8b25ab2012cb', 'Quas quis dignissimos culpa non quaerat rem sit quos quos.', 'f5755403-ca17-467f-8471-67043d866c5e', '2026-04-01 07:26:26.650486', 'PUBLISHED'),
        ('f43d5811-0a1f-4cec-ae96-9cdf6bb9b3a8', 'có cái nịt haha', '9f4f74c0-6f6c-4120-8f29-31a2f59d6de5', '2026-03-02 14:20:37.592330', 'PUBLISHED'),
        ('f45d8218-2df5-41d1-821e-98205421db51', 'Aut porro eum. Sit in magni et nisi eaque dicta. Possimus illum ut vel dolor libero.', '22aa50f6-f40e-40ff-aca0-03c768c5b6e9', '2026-02-15 09:58:40.414820', 'PUBLISHED'),
        ('f8e42be1-4d40-4a94-8e0b-1d471d3f0001', 'aliquid rerum tempore', 'f5755403-ca17-467f-8471-67043d866c5e', '2026-04-01 07:26:29.944064', 'PUBLISHED'),
        ('f8f31d39-e448-4342-bdcd-6bcfc158e132', 'test 2', 'f5755403-ca17-467f-8471-67043d866c5e', '2026-02-15 09:08:19.745079', 'PUBLISHED'),
        ('fe03db39-cc63-4b3b-a3e4-56fde096000c', 'Ut in nisi expedita non similique possimus cumque.', '1cd92e81-d8bc-492f-8cd7-cdda974cd346', '2026-02-02 11:32:35.667789', 'PUBLISHED'),
        ('fe4e61c2-b5f0-4fb7-a89f-ca37fb2b546d', 'est', 'f5755403-ca17-467f-8471-67043d866c5e', '2026-04-01 07:26:23.908448', 'PUBLISHED');


insert into Okayji.profile (user_id, avatar_url, bio, birthday, cover_image_url, full_name, gender, visibility)
values  ('0826d9d1-95a2-4a25-b8ca-8f81b778c3a6', null, null, '2001-02-03', null, 'Nguyễn Văn B', 'MALE', 'PUBLIC'),
        ('1cd92e81-d8bc-492f-8cd7-cdda974cd346', 'https://okayji.s3.ap-southeast-1.amazonaws.com/images/2026-04-01/e18725b8-00d5-479d-9355-75471faa880d.png', '12345678', '2005-02-10', '', 'Nguyễn Văn A', 'MALE', 'FRIEND_ONLY'),
        ('22aa50f6-f40e-40ff-aca0-03c768c5b6e9', 'https://okayji.s3.ap-southeast-1.amazonaws.com/images/2026-04-01/d982ffbc-a904-42d9-b519-89d978c94223.png', null, '2001-02-03', null, 'Nguyễn Văn A', 'MALE', 'PUBLIC'),
        ('3a9e5a24-df86-4e74-8a87-2da5417d766b', null, null, '2001-02-03', null, 'Nguyễn Văn B', 'MALE', 'PUBLIC'),
        ('936d9223-7f0a-454b-8f16-1e08d7fb0e5d', '', '', '2000-11-24', '', 'User 02', 'MALE', 'PUBLIC'),
        ('9447a235-f6b6-4de2-b6e7-326e87cf6248', 'https://okayji.s3.ap-southeast-1.amazonaws.com/images/2026-04-01/d982ffbc-a904-42d9-b519-89d978c94223.png', null, '2002-02-22', null, 'Tran Trieu Duong', 'MALE', 'PUBLIC'),
        ('9f4f74c0-6f6c-4120-8f29-31a2f59d6de5', '', 'hi', '2001-02-03', '', 'Deanna Turner Jr.', 'MALE', 'PUBLIC'),
        ('b1190643-56b0-4efb-bf9e-631837ceca83', '', '', '2000-11-24', '', 'User 01', 'MALE', 'PUBLIC'),
        ('f5755403-ca17-467f-8471-67043d866c5e', 'https://okayji.s3.ap-southeast-1.amazonaws.com/images/2026-04-01/d982ffbc-a904-42d9-b519-89d978c94223.png', 'Há há há há', '2006-01-02', 'https://okayji.s3.ap-southeast-1.amazonaws.com/images/2026-02-14/e927febc-a124-498e-ad91-1bf0d4e846f2.webp', 'Nguyễn Thị Bảnh', 'FEMALE', 'PUBLIC');


insert into Okayji.reaction (id, created_at, post_id, user_id)
values  ('00305cd8-2533-4a9c-b411-40ba55b81bcf', '2026-04-01 12:33:54.563072', 'ae534634-2c75-4dac-9291-d3e617e6edbf', 'f5755403-ca17-467f-8471-67043d866c5e'),
        ('0341ccb2-90cf-4da9-978d-527c6cfdaae3', '2026-04-01 08:08:40.277517', '13dc3c47-6551-4162-9b8b-17f71cbb9a7d', '1cd92e81-d8bc-492f-8cd7-cdda974cd346'),
        ('060faa9e-f4aa-4b7d-91ac-bc2eabfdb6b0', '2026-02-03 10:11:22.467597', 'de20dead-3a26-41a2-aff9-f64384831714', 'f5755403-ca17-467f-8471-67043d866c5e'),
        ('0b220d4f-860c-4fda-84b5-01bdfc846f66', '2026-02-23 13:28:42.505378', 'ab033d2f-f978-42a1-aeba-07e8d460ea46', '1cd92e81-d8bc-492f-8cd7-cdda974cd346'),
        ('0ccb4c4c-9b7e-4e4b-85d4-622cd55233f1', '2026-02-03 10:07:47.677153', 'd2b4be1c-d7de-4c62-a9b4-48207a93c543', 'f5755403-ca17-467f-8471-67043d866c5e'),
        ('0d4f2e2d-ea22-40b5-b9ab-f4816f0ceffc', '2026-02-03 10:11:25.564635', 'b130328f-8258-4ada-9541-c6146e0a6788', 'f5755403-ca17-467f-8471-67043d866c5e'),
        ('0e255dfa-a671-441d-a12c-cc4c44e4fea2', '2026-02-23 13:28:40.159474', '40e5b1a6-9ce8-4db6-be78-88bb0947ec85', '1cd92e81-d8bc-492f-8cd7-cdda974cd346'),
        ('131f103e-3152-43bd-b4ab-65d7d9bb8141', '2026-04-01 12:33:55.691356', '3837dd23-9b08-4519-9aa5-a70a1bb30d5f', 'f5755403-ca17-467f-8471-67043d866c5e'),
        ('1ec3323d-1d78-44f9-b763-7a4fb26341d6', '2026-02-01 10:39:42.856813', '2794ea3e-a5c9-46f6-b122-2afdb6e46242', '1cd92e81-d8bc-492f-8cd7-cdda974cd346'),
        ('1f07d798-2934-4202-a965-b74a06a8de85', '2026-02-15 10:04:07.832470', '3c8b72c5-8bfb-45f6-a5ae-709cb44b6ced', 'f5755403-ca17-467f-8471-67043d866c5e'),
        ('2007c449-df8c-44b7-9beb-b5a296b0924e', '2026-02-04 04:14:27.236731', '8d0c25fe-6c34-4776-b81d-cea6d5024069', '1cd92e81-d8bc-492f-8cd7-cdda974cd346'),
        ('206810f2-eb19-45a8-9f84-8408957e2b7a', '2026-02-23 13:13:05.048547', '6ff953e0-382a-4a2e-a405-547b4d152244', '1cd92e81-d8bc-492f-8cd7-cdda974cd346'),
        ('206a5d07-b553-4e67-bd6b-4f036c5c0e81', '2026-04-01 08:49:28.784485', '13dc3c47-6551-4162-9b8b-17f71cbb9a7d', 'f5755403-ca17-467f-8471-67043d866c5e'),
        ('2188cfa5-f188-4edf-b695-034a5b985316', '2026-02-23 12:50:40.877916', 'dfad080e-bf95-48f7-bee3-c62250fd6b27', '22aa50f6-f40e-40ff-aca0-03c768c5b6e9'),
        ('21a55ab6-901c-47c1-b923-b6ff8c764bf0', '2026-04-01 13:12:59.267230', '3837dd23-9b08-4519-9aa5-a70a1bb30d5f', '1cd92e81-d8bc-492f-8cd7-cdda974cd346'),
        ('2a679429-9246-4d05-acc2-eb76881dd3c4', '2026-02-04 04:14:10.093949', 'd6e4645d-963c-45d1-bf29-c6e12ea523cd', '1cd92e81-d8bc-492f-8cd7-cdda974cd346'),
        ('31702127-ee07-4474-b9b5-3c1d8118ead7', '2026-03-10 14:11:44.176158', '8229f116-8d37-4dda-b22d-ad8f42d2a658', '22aa50f6-f40e-40ff-aca0-03c768c5b6e9'),
        ('33548bc9-06e0-4d2d-93eb-4e81f4be32dd', '2026-02-15 10:04:09.613417', '6ff953e0-382a-4a2e-a405-547b4d152244', 'f5755403-ca17-467f-8471-67043d866c5e'),
        ('34647426-dde2-4d38-a046-6552bc8705fb', '2026-02-04 04:14:05.308522', '100f1f23-575b-445c-ab4b-0c3715d4b96e', '1cd92e81-d8bc-492f-8cd7-cdda974cd346'),
        ('45a795a8-93a1-4343-a7e6-c16c75ec05ed', '2026-04-01 13:13:08.834423', 'f8e42be1-4d40-4a94-8e0b-1d471d3f0001', '1cd92e81-d8bc-492f-8cd7-cdda974cd346'),
        ('474607af-1aae-478b-873c-0ff27b54c753', '2026-04-02 10:36:38.904515', '99b379b6-9f1c-4413-83c2-10bf4604cb96', 'f5755403-ca17-467f-8471-67043d866c5e'),
        ('595d145e-32b4-46fa-b330-12eed30214eb', '2026-02-01 14:18:42.385100', '504388a7-82e2-4f3f-921c-ae6a66fa024a', 'f5755403-ca17-467f-8471-67043d866c5e'),
        ('59f6a267-6d31-45fc-ad13-e37ce580c4c4', '2026-04-01 13:13:06.499054', '77da37c8-bf8e-4971-9882-bb69639ceb3f', '1cd92e81-d8bc-492f-8cd7-cdda974cd346'),
        ('5b7dd845-9714-493c-bbde-b2802f45b353', '2026-04-01 02:28:09.331289', '8229f116-8d37-4dda-b22d-ad8f42d2a658', 'f5755403-ca17-467f-8471-67043d866c5e'),
        ('5e7390e2-d9c1-43c9-898b-986ec37acde7', '2026-03-10 14:11:18.661339', '8229f116-8d37-4dda-b22d-ad8f42d2a658', '9f4f74c0-6f6c-4120-8f29-31a2f59d6de5'),
        ('69795b02-ed8a-4539-8263-9ba9e877d623', '2026-02-23 13:49:50.886318', 'd6e4645d-963c-45d1-bf29-c6e12ea523cd', 'f5755403-ca17-467f-8471-67043d866c5e'),
        ('697bfb9a-a99a-4d64-a715-f4044bc194a3', '2026-02-04 04:14:08.752185', '81bc61d3-5702-45d1-ab00-ad733ef96303', '1cd92e81-d8bc-492f-8cd7-cdda974cd346'),
        ('6f6ff9d2-f7c9-4a9b-b12a-ca07d2dea2ca', '2026-04-01 09:08:00.833003', '77da37c8-bf8e-4971-9882-bb69639ceb3f', 'f5755403-ca17-467f-8471-67043d866c5e'),
        ('7a7d0862-8175-4354-9663-6d5976f2d994', '2026-02-04 04:14:24.435080', '33a3f0e2-e502-4fdf-bbdb-d9ded17949ce', '1cd92e81-d8bc-492f-8cd7-cdda974cd346'),
        ('7f8e58c7-b5eb-49c6-a7d5-b1de8bd49724', '2026-04-01 02:28:04.565532', '8229f116-8d37-4dda-b22d-ad8f42d2a658', '1cd92e81-d8bc-492f-8cd7-cdda974cd346'),
        ('81cfb96d-dad5-4648-8ccb-a0852362d4fa', '2026-04-01 02:32:50.292464', '4cbb14bc-0676-4c3e-b47a-a22c71226ac6', 'f5755403-ca17-467f-8471-67043d866c5e'),
        ('8855dc7b-2824-45b4-bd4f-fe3e3403dae9', '2026-02-04 04:14:25.551254', 'cc663bdc-e92c-4a77-a6e9-44dada986517', '1cd92e81-d8bc-492f-8cd7-cdda974cd346'),
        ('89572715-36e6-48a7-875d-9f3b901bf2d9', '2026-04-01 13:12:57.244973', 'ae534634-2c75-4dac-9291-d3e617e6edbf', '1cd92e81-d8bc-492f-8cd7-cdda974cd346'),
        ('8f118609-4820-4a18-9741-50a228fc46bc', '2026-02-03 10:07:34.590310', 'fe03db39-cc63-4b3b-a3e4-56fde096000c', 'f5755403-ca17-467f-8471-67043d866c5e'),
        ('9a2025da-c47b-4000-a2b0-22fa397279f9', '2026-03-02 14:57:43.759597', '7678bdce-2fc1-478d-8b50-024e510db216', 'f5755403-ca17-467f-8471-67043d866c5e'),
        ('9bf2c22e-2303-49fc-8fb5-8d0632c13ac2', '2026-02-23 13:28:41.558389', 'f8f31d39-e448-4342-bdcd-6bcfc158e132', '1cd92e81-d8bc-492f-8cd7-cdda974cd346'),
        ('a0d83a10-774d-4cb5-a479-2694105700ad', '2026-02-15 10:10:49.963986', '6c6767fd-ad4e-459d-a5c2-de853e0131f2', 'f5755403-ca17-467f-8471-67043d866c5e'),
        ('be23245f-4581-48d0-bbad-6c3135944392', '2026-02-15 09:04:16.054428', 'ab033d2f-f978-42a1-aeba-07e8d460ea46', 'f5755403-ca17-467f-8471-67043d866c5e'),
        ('c5a7fac7-eb45-4bfc-b308-99cf80d5fd12', '2026-02-03 10:11:24.118049', '100f1f23-575b-445c-ab4b-0c3715d4b96e', 'f5755403-ca17-467f-8471-67043d866c5e'),
        ('c9cc8f97-c0d0-466d-9727-6506aa91bc29', '2026-02-15 10:02:51.027669', '40e5b1a6-9ce8-4db6-be78-88bb0947ec85', 'f5755403-ca17-467f-8471-67043d866c5e'),
        ('db5fbcc8-c857-4491-a5a4-2ee26f6697d6', '2026-02-23 13:13:03.673321', '3c8b72c5-8bfb-45f6-a5ae-709cb44b6ced', '1cd92e81-d8bc-492f-8cd7-cdda974cd346'),
        ('dc583163-9d1d-49dd-906b-beb539d04b6e', '2026-02-02 11:04:48.127171', '2794ea3e-a5c9-46f6-b122-2afdb6e46242', 'f5755403-ca17-467f-8471-67043d866c5e'),
        ('dfc03830-7d25-4688-8aed-5f330389ac02', '2026-02-04 04:14:06.479303', 'fe03db39-cc63-4b3b-a3e4-56fde096000c', '1cd92e81-d8bc-492f-8cd7-cdda974cd346'),
        ('dff44ef9-b90d-4e5a-9c19-4ab4381ef594', '2026-02-15 09:10:36.450860', 'f8f31d39-e448-4342-bdcd-6bcfc158e132', 'f5755403-ca17-467f-8471-67043d866c5e'),
        ('e36a44d9-817b-4ad4-bf94-eabe69398f03', '2026-02-04 04:14:11.268778', 'd2b4be1c-d7de-4c62-a9b4-48207a93c543', '1cd92e81-d8bc-492f-8cd7-cdda974cd346'),
        ('e7f939b3-869f-4164-a475-fee5c9a4d967', '2026-04-01 02:07:10.624916', 'b3131381-4fcd-4fb6-85b9-602bb88c19f2', 'f5755403-ca17-467f-8471-67043d866c5e'),
        ('e8b8b8c6-30cd-4362-97a7-80ee4ff679b3', '2026-02-04 04:14:12.204722', '99b379b6-9f1c-4413-83c2-10bf4604cb96', '1cd92e81-d8bc-492f-8cd7-cdda974cd346'),
        ('ec1c48cd-f689-4073-bf71-50c7c2f292d4', '2026-03-23 09:22:29.403284', '3c8b72c5-8bfb-45f6-a5ae-709cb44b6ced', '9f4f74c0-6f6c-4120-8f29-31a2f59d6de5'),
        ('ed7b94cf-d659-4373-8bba-7e565e2b67bf', '2026-03-08 13:12:05.312508', '43a97bce-809e-4a32-b36c-39269b0b11ed', 'f5755403-ca17-467f-8471-67043d866c5e'),
        ('ef1a9a01-01fb-49cd-ae27-16133ff37a71', '2026-02-04 04:14:07.618834', 'b130328f-8258-4ada-9541-c6146e0a6788', '1cd92e81-d8bc-492f-8cd7-cdda974cd346'),
        ('f49adcde-ab88-49ae-8aef-ccbc82b267bf', '2026-03-08 13:12:06.814196', 'f43d5811-0a1f-4cec-ae96-9cdf6bb9b3a8', 'f5755403-ca17-467f-8471-67043d866c5e'),
        ('f6189d5c-2606-40d0-965c-c53631a7a17d', '2026-02-01 12:55:43.247759', '504388a7-82e2-4f3f-921c-ae6a66fa024a', '1cd92e81-d8bc-492f-8cd7-cdda974cd346');

insert into Okayji.role (name, description)
values  ('ADMIN', null),
        ('USER', null);

insert into Okayji.user_roles (user_id, roles_name)
values  ('f5755403-ca17-467f-8471-67043d866c5e', 'ADMIN'),
        ('0826d9d1-95a2-4a25-b8ca-8f81b778c3a6', 'USER'),
        ('1cd92e81-d8bc-492f-8cd7-cdda974cd346', 'USER'),
        ('22aa50f6-f40e-40ff-aca0-03c768c5b6e9', 'USER'),
        ('3a9e5a24-df86-4e74-8a87-2da5417d766b', 'USER'),
        ('936d9223-7f0a-454b-8f16-1e08d7fb0e5d', 'USER'),
        ('9447a235-f6b6-4de2-b6e7-326e87cf6248', 'USER'),
        ('9f4f74c0-6f6c-4120-8f29-31a2f59d6de5', 'USER'),
        ('b1190643-56b0-4efb-bf9e-631837ceca83', 'USER'),
        ('f5755403-ca17-467f-8471-67043d866c5e', 'USER');

insert into Okayji.user (id, created_at, email, oauth_id, oauth_provider, password, username, status, last_change_username, updated_at)
values  ('0826d9d1-95a2-4a25-b8ca-8f81b778c3a6', '2026-02-01 07:15:23.161346', 'Blanca_Zieme91@gmail.com', null, null, '$2a$10$Lu/cJeiVZT/.uombACjZTuFeguhqkjIkMe8Mv0t7TefhWgLNcVb.2', 'test01', 'ACTIVE', null, null),
        ('1cd92e81-d8bc-492f-8cd7-cdda974cd346', '2026-01-30 08:49:59.390974', 'Cathryn.Runolfsson96@gmail.com', null, null, '$2a$10$Lu/cJeiVZT/.uombACjZTuFeguhqkjIkMe8Mv0t7TefhWgLNcVb.2', 'test02', 'ACTIVE', '2026-04-01 02:29:30.429444', '2026-04-01 02:29:30.434122'),
        ('22aa50f6-f40e-40ff-aca0-03c768c5b6e9', '2026-01-30 09:01:06.295256', 'Bethany.Yost@gmail.com', null, null, '$2a$10$Lu/cJeiVZT/.uombACjZTuFeguhqkjIkMe8Mv0t7TefhWgLNcVb.2', 'test03', 'ACTIVE', null, null),
        ('3a9e5a24-df86-4e74-8a87-2da5417d766b', '2026-02-01 07:14:27.977018', 'Destini88@gmail.com', null, null, '$2a$10$Lu/cJeiVZT/.uombACjZTuFeguhqkjIkMe8Mv0t7TefhWgLNcVb.2', 'test04', 'ACTIVE', null, null),
        ('936d9223-7f0a-454b-8f16-1e08d7fb0e5d', '2026-04-02 12:32:53.775112', 'user02@gmail.com', null, null, '$2a$10$Lu/cJeiVZT/.uombACjZTuFeguhqkjIkMe8Mv0t7TefhWgLNcVb.2', 'user2', 'ACTIVE', null, '2026-04-02 12:32:53.775112'),
        ('9447a235-f6b6-4de2-b6e7-326e87cf6248', '2026-01-31 13:58:11.645021', 'test03@demo.test', null, null, '$2a$10$Lu/cJeiVZT/.uombACjZTuFeguhqkjIkMe8Mv0t7TefhWgLNcVb.2', 'test05', 'ACTIVE', '2026-04-02 10:06:45.209136', '2026-04-02 10:06:45.212205'),
        ('9f4f74c0-6f6c-4120-8f29-31a2f59d6de5', '2026-02-02 11:29:48.896835', 'Felix_Ratke@hotmail.com', null, null, '$2a$10$Lu/cJeiVZT/.uombACjZTuFeguhqkjIkMe8Mv0t7TefhWgLNcVb.2', 'test06', 'ACTIVE', null, null),
        ('b1190643-56b0-4efb-bf9e-631837ceca83', '2026-04-02 12:29:04.225296', 'user01@gmail.com', null, null, '$2a$10$Lu/cJeiVZT/.uombACjZTuFeguhqkjIkMe8Mv0t7TefhWgLNcVb.2', 'user1', 'ACTIVE', null, '2026-04-02 12:29:04.225296'),
        ('f5755403-ca17-467f-8471-67043d866c5e', '2026-02-01 14:18:20.366897', 'admin@demo.test', null, null, '$2a$10$Lu/cJeiVZT/.uombACjZTuFeguhqkjIkMe8Mv0t7TefhWgLNcVb.2', 'admin', 'ACTIVE', '2026-03-08 13:13:15.153904', '2026-03-08 13:13:15.156421');

insert into Okayji.reports (id, created_at, details, reason, resolved_at, resolved_by, status, target_id, target_type, reporter_id)
values  ('7bea6bcc-f022-423a-952c-4cdfe2c9b40d', '2026-04-04 06:30:35.949553', '', 'HATE_SPEECH', null, null, 'PENDING', '77585aea-a6af-4817-a842-791ea2cbf4f8', 'COMMENT', '936d9223-7f0a-454b-8f16-1e08d7fb0e5d'),
        ('bad03908-a94d-4595-bb8b-d5a067d7c6ef', '2026-04-04 06:28:16.064031', 'nà ná na', 'HARASSMENT', null, null, 'PENDING', '1f9b1a38-adad-4d10-9994-355d362f1986', 'POST', 'b1190643-56b0-4efb-bf9e-631837ceca83');


SET FOREIGN_KEY_CHECKS=1;